cpu_config,workload_type,num_vms,scheduler,avg_waiting_time,avg_turnaround_time,avg_response_time,cpu_utilization,throughput,deadline_misses,deadline_miss_rate,fairness_jain_index,estimated_energy,context_switches,estimated_scheduling_overhead,total_time
ARM-like,bursty,5,Contextual Bandit RL,82.33538,115.04784,17.22386,0.9708600000000001,0.030826,4.0,0.8,0.66334,310.7686,21.2,1.06,168.77839999999998
ARM-like,bursty,5,PRM,53.165960000000005,85.87844,39.620580000000004,0.9708600000000001,0.030826,2.8,0.5599999999999999,0.32252000000000003,310.7686,5.0,0.25,168.77839999999998
ARM-like,bursty,5,PRR,53.55986,86.27232000000001,31.836540000000003,0.9708600000000001,0.030826,3.0,0.6,0.45161999999999997,310.7686,10.6,0.53,168.77839999999998
ARM-like,bursty,5,Proposed Hybrid,64.67798,97.39045999999999,23.868119999999998,0.9708600000000001,0.030826,4.4,0.8800000000000001,0.65484,310.7686,21.6,1.08,168.77839999999998
ARM-like,bursty,10,Contextual Bandit RL,186.39916,219.55446,42.9573,0.9846199999999999,0.029968,9.0,0.9,0.25207999999999997,629.9504,56.0,2.8,336.76879999999994
ARM-like,bursty,10,PRM,121.05516,154.21048000000002,103.87375999999999,0.9846199999999999,0.029968,6.8,0.6799999999999999,0.21747999999999998,629.9504,10.8,0.54,336.76879999999994
ARM-like,bursty,10,PRR,126.50176000000002,159.65704,96.67188,0.9846199999999999,0.029968,8.0,0.8,0.29698,629.9504,29.8,1.49,336.76879999999994
ARM-like,bursty,10,Proposed Hybrid,157.75472,190.91,50.314,0.9846199999999999,0.029968,9.0,0.9,0.3301,629.9504,54.8,2.7399999999999998,336.76879999999994
ARM-like,bursty,20,Contextual Bandit RL,388.5401,421.24997999999994,81.14362,0.99204,0.030424,18.4,0.9199999999999999,0.13232,1242.9756,124.2,6.209999999999999,659.4136000000001
ARM-like,bursty,20,PRM,259.12964,291.8395,238.75434,0.99204,0.030424,16.0,0.8,0.14342000000000002,1242.9756,22.4,1.1199999999999999,659.4136000000001
ARM-like,bursty,20,PRR,270.8654,303.57527999999996,213.81022000000002,0.99204,0.030424,17.2,0.86,0.2681,1242.9756,99.2,4.959999999999999,659.4136000000001
ARM-like,bursty,20,Proposed Hybrid,325.73352,358.44341999999995,127.41918000000001,0.99204,0.030424,18.8,0.9399999999999998,0.1893,1242.9756,122.2,6.11,659.4136000000001
ARM-like,bursty,50,Contextual Bandit RL,1002.65072,1036.42816,286.06282,0.9968999999999999,0.029570000000000003,45.2,0.9040000000000001,0.092,3208.8586000000005,328.0,16.4,1694.089
ARM-like,bursty,50,PRM,706.90206,740.67948,678.52124,0.9968999999999999,0.029570000000000003,43.4,0.868,0.09690000000000001,3208.8586000000005,57.8,2.8899999999999997,1694.089
ARM-like,bursty,50,PRR,733.164,766.94142,605.07524,0.9968999999999999,0.029570000000000003,46.6,0.932,0.11578,3208.8586000000005,342.4,17.119999999999997,1694.089
ARM-like,bursty,50,Proposed Hybrid,826.60352,860.3809600000001,359.54596000000004,0.9968999999999999,0.029570000000000003,47.8,0.9559999999999998,0.09776,3208.8586000000005,333.0,16.65,1694.089
ARM-like,bursty,100,Contextual Bandit RL,1862.79056,1894.8918600000002,623.9602000000001,0.99838,0.031143999999999998,90.0,0.9,0.08130000000000001,6099.2504,629.6,31.48,3215.3478
ARM-like,bursty,100,PRM,1362.41938,1394.5207,1335.81162,0.99838,0.031143999999999998,90.8,0.908,0.07178,6099.2504,113.6,5.680000000000001,3215.3478
ARM-like,bursty,100,PRR,1404.7592799999998,1436.86062,1196.2301400000001,0.99838,0.031143999999999998,94.2,0.942,0.05804,6099.2504,691.8,34.589999999999996,3215.3478
ARM-like,bursty,100,Proposed Hybrid,1592.87572,1624.97704,848.1477000000001,0.99838,0.031143999999999998,97.8,0.978,0.055220000000000005,6099.2504,650.8,32.54,3215.3478
ARM-like,cpu_heavy,5,Contextual Bandit RL,133.64112,182.4703,28.61384,0.9877800000000001,0.020450000000000003,4.4,0.8800000000000001,0.63138,579.8464,32.2,1.61,247.23200000000003
ARM-like,cpu_heavy,5,PRM,90.03594000000001,138.86514,68.3955,0.9877800000000001,0.020450000000000003,3.2,0.64,0.25556,579.8464,5.0,0.25,247.23200000000003
ARM-like,cpu_heavy,5,PRR,92.1442,140.97336,55.08538,0.9877800000000001,0.020450000000000003,3.4,0.6799999999999999,0.35781999999999997,579.8464,15.2,0.76,247.23200000000003
ARM-like,cpu_heavy,5,Proposed Hybrid,123.18699999999998,172.0162,27.80772,0.9877800000000001,0.020450000000000003,4.6,0.9199999999999999,0.65022,579.8464,35.8,1.7899999999999998,247.23200000000003
ARM-like,cpu_heavy,10,Contextual Bandit RL,319.59238,368.79076,63.16510000000001,0.9937799999999999,0.020256000000000003,9.2,0.9199999999999999,0.30060000000000003,1168.461,86.4,4.32,495.06980000000004
ARM-like,cpu_heavy,10,PRM,203.97732000000002,253.17568,181.0997,0.9937799999999999,0.020256000000000003,8.2,0.8200000000000001,0.14308,1168.461,10.2,0.51,495.06980000000004
ARM-like,cpu_heavy,10,PRR,215.91028,265.10862,167.95194,0.9937799999999999,0.020256000000000003,8.4,0.8400000000000001,0.22766000000000003,1168.461,53.0,2.65,495.06980000000004
ARM-like,cpu_heavy,10,Proposed Hybrid,273.69662,322.89495999999997,77.78794,0.9937799999999999,0.020256000000000003,8.8,0.8800000000000001,0.29718,1168.461,80.4,4.0200000000000005,495.06980000000004
ARM-like,cpu_heavy,20,Contextual Bandit RL,721.83318,770.65976,135.78966,0.9968199999999999,0.020438,19.4,0.97,0.10882,2319.2628,192.8,9.64,979.6178
ARM-like,cpu_heavy,20,PRM,436.13527999999997,484.96190000000007,409.21578,0.9968199999999999,0.020438,18.0,0.9,0.08682,2319.2628,21.2,1.06,979.6178
ARM-like,cpu_heavy,20,PRR,463.23578,512.06236,372.334,0.9968199999999999,0.020438,18.4,0.9199999999999999,0.26448,2319.2628,164.2,8.209999999999999,979.6178
ARM-like,cpu_heavy,20,Proposed Hybrid,641.9386,690.76518,154.06236,0.9968199999999999,0.020438,19.2,0.96,0.23972000000000002,2319.2628,192.2,9.61,979.6178
ARM-like,cpu_heavy,50,Contextual Bandit RL,1944.1020800000001,1993.8184,396.6589,0.99878,0.020102000000000002,48.0,0.96,0.0546,5903.8142,503.0,25.15,2488.9024
ARM-like,cpu_heavy,50,PRM,1153.171,1202.88732,1120.45722,0.99878,0.020102000000000002,47.2,0.944,0.04616,5903.8142,59.8,2.9899999999999998,2488.9024
ARM-like,cpu_heavy,50,PRR,1223.77582,1273.4921399999998,1014.4206200000001,0.99878,0.020102000000000002,48.8,0.976,0.14134,5903.8142,526.4,26.32,2488.9024
ARM-like,cpu_heavy,50,Proposed Hybrid,1492.44604,1542.1623599999998,478.409,0.99878,0.020102000000000002,48.2,0.9640000000000001,0.08438,5903.8142,508.8,25.44,2488.9024
ARM-like,cpu_heavy,100,Contextual Bandit RL,3823.1589200000003,3871.4786599999998,920.53042,0.99936,0.020692,95.6,0.9559999999999998,0.04738,11475.9386,986.6,49.33,4835.06
ARM-like,cpu_heavy,100,PRM,2266.26486,2314.58462,2234.26568,0.99936,0.020692,96.6,0.966,0.02894,11475.9386,116.4,5.82,4835.06
ARM-like,cpu_heavy,100,PRR,2403.55526,2451.8750200000004,2023.12186,0.99936,0.020692,99.0,0.99,0.10672,11475.9386,1060.2,53.010000000000005,4835.06
ARM-like,cpu_heavy,100,Proposed Hybrid,2771.07,2819.38974,1238.96164,0.99936,0.020692,97.6,0.976,0.04216,11475.9386,1002.8,50.14,4835.06
ARM-like,light,5,Contextual Bandit RL,0.26256,6.40986,0.26256,0.56794,0.09241200000000001,0.0,0.0,0.9532399999999999,29.199599999999997,4.0,0.2,55.130399999999995
ARM-like,light,5,PRM,0.26256,6.40986,0.26256,0.56794,0.09241200000000001,0.0,0.0,0.9532399999999999,29.199599999999997,4.0,0.2,55.130399999999995
ARM-like,light,5,PRR,0.26256,6.40986,0.26256,0.56794,0.09241200000000001,0.0,0.0,0.9532399999999999,29.199599999999997,4.0,0.2,55.130399999999995
ARM-like,light,5,Proposed Hybrid,0.26256,6.40986,0.26256,0.56794,0.09241200000000001,0.0,0.0,0.9532399999999999,29.199599999999997,4.0,0.2,55.130399999999995
ARM-like,light,10,Contextual Bandit RL,0.23253999999999997,6.43536,0.23253999999999997,0.56048,0.09003799999999999,0.2,0.02,0.9550000000000001,58.9268,9.0,0.45,111.73299999999999
ARM-like,light,10,PRM,0.23253999999999997,6.43536,0.23253999999999997,0.56048,0.09003799999999999,0.2,0.02,0.9550000000000001,58.9268,9.0,0.45,111.73299999999999
ARM-like,light,10,PRR,0.23253999999999997,6.43536,0.23253999999999997,0.56048,0.09003799999999999,0.2,0.02,0.9550000000000001,58.9268,9.0,0.45,111.73299999999999
ARM-like,light,10,Proposed Hybrid,0.23253999999999997,6.43536,0.23253999999999997,0.56048,0.09003799999999999,0.2,0.02,0.9550000000000001,58.9268,9.0,0.45,111.73299999999999
ARM-like,light,20,Contextual Bandit RL,0.20467999999999997,6.35186,0.20467999999999997,0.57176,0.092946,0.6,0.030000000000000006,0.95942,116.79639999999999,19.0,0.95,215.7428
ARM-like,light,20,PRM,0.20467999999999997,6.35186,0.20467999999999997,0.57176,0.092946,0.6,0.030000000000000006,0.95942,116.79639999999999,19.0,0.95,215.7428
ARM-like,light,20,PRR,0.20467999999999997,6.35186,0.20467999999999997,0.57176,0.092946,0.6,0.030000000000000006,0.95942,116.79639999999999,19.0,0.95,215.7428
ARM-like,light,20,Proposed Hybrid,0.20467999999999997,6.35186,0.20467999999999997,0.57176,0.092946,0.6,0.030000000000000006,0.95942,116.79639999999999,19.0,0.95,215.7428
ARM-like,light,50,Contextual Bandit RL,0.31568,6.59654,0.28204,0.60792,0.0968,1.8,0.036,0.94244,298.3402,49.4,2.47,516.942
ARM-like,light,50,PRM,0.31668,6.59752,0.28302,0.60792,0.0968,1.8,0.036,0.94314,298.3402,49.2,2.46,516.942
ARM-like,light,50,PRR,0.30569999999999997,6.58656,0.28458,0.60792,0.0968,1.4,0.028000000000000004,0.94328,298.3402,49.2,2.46,516.942
ARM-like,light,50,Proposed Hybrid,0.31568,6.59654,0.28302,0.60792,0.0968,1.8,0.036,0.9418,298.3402,49.4,2.47,516.942
ARM-like,light,100,Contextual Bandit RL,0.33198,6.403180000000001,0.31514,0.59636,0.098272,4.6,0.046,0.93854,576.7638,99.4,4.970000000000001,1018.4440000000001
ARM-like,light,100,PRM,0.40308,6.4743200000000005,0.29106,0.59636,0.098272,4.6,0.046,0.9390000000000001,576.7638,99.8,4.99,1018.4440000000001
ARM-like,light,100,PRR,0.34804,6.4192599999999995,0.29569999999999996,0.59636,0.098272,4.0,0.04,0.9395,576.7638,99.8,4.99,1018.4440000000001
ARM-like,light,100,Proposed Hybrid,0.34138,6.4126,0.31528,0.59636,0.098272,4.6,0.046,0.9374800000000001,576.7638,99.8,4.99,1018.4440000000001
ARM-like,mixed,5,Contextual Bandit RL,17.7738,32.58086,10.5258,0.92566,0.065772,2.6,0.52,0.5383,126.6002,7.4,0.37,80.2932
ARM-like,mixed,5,PRM,21.52012,36.3272,16.65142,0.92566,0.065772,2.4,0.4800000000000001,0.47782,126.6002,5.0,0.25,80.2932
ARM-like,mixed,5,PRR,17.85098,32.65804,15.148840000000002,0.92566,0.065772,2.4,0.48,0.42808,126.6002,5.8,0.29,80.2932
ARM-like,mixed,5,Proposed Hybrid,17.65238,32.45944,11.778960000000001,0.92566,0.065772,3.0,0.6,0.6805,126.6002,7.0,0.35,80.2932
ARM-like,mixed,10,Contextual Bandit RL,52.8439,70.81404,27.24368,0.9610200000000001,0.056530000000000004,7.2,0.72,0.31576000000000004,307.2892,20.2,1.0100000000000002,185.959
ARM-like,mixed,10,PRM,50.57426,68.54438,42.20838,0.9610200000000001,0.056530000000000004,6.2,0.6199999999999999,0.3054,307.2892,10.8,0.54,185.959
ARM-like,mixed,10,PRR,51.201080000000005,69.17118,42.34956,0.9610200000000001,0.056530000000000004,6.2,0.62,0.2979,307.2892,16.8,0.8400000000000001,185.959
ARM-like,mixed,10,Proposed Hybrid,44.537800000000004,62.50792,30.361079999999998,0.9610200000000001,0.056530000000000004,7.2,0.72,0.49512,307.2892,20.0,1.0,185.959
ARM-like,mixed,20,Contextual Bandit RL,127.3433,145.13378,50.94084,0.97988,0.059744,15.6,0.78,0.18072000000000002,608.4338,55.2,2.7600000000000002,362.0674
ARM-like,mixed,20,PRM,105.7327,123.5232,93.91766,0.97988,0.059744,14.2,0.71,0.2479,608.4338,23.0,1.15,362.0674
ARM-like,mixed,20,PRR,108.52778,126.31824000000002,89.45555999999999,0.97988,0.059744,15.4,0.77,0.20926,608.4338,49.0,2.45,362.0674
ARM-like,mixed,20,Proposed Hybrid,101.47188,119.26235999999999,62.8592,0.97988,0.059744,16.8,0.8400000000000001,0.28198,608.4338,52.2,2.6100000000000003,362.0674
ARM-like,mixed,50,Contextual Bandit RL,348.90456,366.94292,133.65814,0.9925599999999999,0.05662199999999999,40.8,0.8160000000000001,0.16304,1542.2792000000002,158.8,7.94,908.1758
ARM-like,mixed,50,PRM,284.62394,302.6623,268.67368,0.9925599999999999,0.05662199999999999,39.0,0.78,0.19624,1542.2792000000002,58.2,2.91,908.1758
ARM-like,mixed,50,PRR,271.76480000000004,289.80316,232.19189999999998,0.9925599999999999,0.05662199999999999,41.4,0.828,0.19106,1542.2792000000002,154.8,7.74,908.1758
ARM-like,mixed,50,Proposed Hybrid,296.55342,314.59178,181.92562,0.9925599999999999,0.05662199999999999,45.2,0.9039999999999999,0.14701999999999998,1542.2792000000002,164.2,8.209999999999999,908.1758
ARM-like,mixed,100,Contextual Bandit RL,648.66568,666.69488,297.88104,0.99644,0.055656,79.2,0.792,0.16796,3082.9932,316.6,15.830000000000002,1809.1779999999999
ARM-like,mixed,100,PRM,594.76446,612.79366,570.51264,0.99644,0.055656,81.4,0.8140000000000001,0.17296,3082.9932,117.2,5.86,1809.1779999999999
ARM-like,mixed,100,PRR,546.06462,564.09382,479.1224,0.99644,0.055656,85.2,0.852,0.1646,3082.9932,352.0,17.6,1809.1779999999999
ARM-like,mixed,100,Proposed Hybrid,614.39804,632.4272199999999,420.96459999999996,0.99644,0.055656,94.2,0.942,0.08076,3082.9932,343.4,17.169999999999998,1809.1779999999999
ARM-like,normal,5,Contextual Bandit RL,32.50872,47.87862,7.10968,0.93886,0.062098,4.0,0.8,0.6493800000000001,109.5104,12.4,0.62,81.9774
ARM-like,normal,5,PRM,22.62732,37.9972,14.18168,0.93886,0.062098,2.8,0.5599999999999999,0.43798000000000004,109.5104,5.4,0.27,81.9774
ARM-like,normal,5,PRR,24.23484,39.6047,11.997200000000001,0.93886,0.062098,3.0,0.6,0.56806,109.5104,8.2,0.41,81.9774
ARM-like,normal,5,Proposed Hybrid,27.524739999999998,42.894619999999996,11.72942,0.93886,0.062098,3.6,0.72,0.6078,109.5104,11.6,0.58,81.9774
ARM-like,normal,10,Contextual Bandit RL,68.63124,84.13948,19.324199999999998,0.9681200000000001,0.062676,8.2,0.82,0.41592,220.99259999999998,28.2,1.41,160.2106
ARM-like,normal,10,PRM,49.08444,64.59266,37.13312,0.9681200000000001,0.062676,6.0,0.6,0.30254,220.99259999999998,11.8,0.5900000000000001,160.2106
ARM-like,normal,10,PRR,50.324200000000005,65.83239999999999,34.24888,0.9681200000000001,0.062676,7.2,0.72,0.4016,220.99259999999998,18.6,0.93,160.2106
ARM-like,normal,10,Proposed Hybrid,58.12888,73.63712000000001,28.13548,0.9681200000000001,0.062676,8.0,0.8,0.3955,220.99259999999998,25.6,1.28,160.2106
ARM-like,normal,20,Contextual Bandit RL,146.1262,161.4955,41.49914,0.9836,0.064084,17.6,0.8800000000000001,0.18218,438.025,60.2,3.0100000000000002,312.514
ARM-like,normal,20,PRM,101.0509,116.4202,84.24428,0.9836,0.064084,14.6,0.73,0.22766000000000003,438.025,23.8,1.19,312.514
ARM-like,normal,20,PRR,104.52029999999999,119.8896,78.1469,0.9836,0.064084,15.2,0.76,0.29632000000000003,438.025,50.8,2.54,312.514
ARM-like,normal,20,Proposed Hybrid,122.17321999999999,137.54252,70.4255,0.9836,0.064084,17.4,0.8699999999999999,0.28876,438.025,59.2,2.96,312.514
ARM-like,normal,50,Contextual Bandit RL,389.95029999999997,405.65294,123.3742,0.9934799999999999,0.063326,42.8,0.8560000000000001,0.13704,1118.8128000000002,156.2,7.81,790.2598
ARM-like,normal,50,PRM,266.23342,281.93606,246.43397999999996,0.9934799999999999,0.063326,40.4,0.808,0.17170000000000002,1118.8128000000002,58.8,2.94,790.2598
ARM-like,normal,50,PRR,279.54404,295.24664,224.21599999999998,0.9934799999999999,0.063326,41.8,0.836,0.17764,1118.8128000000002,159.4,7.970000000000001,790.2598
ARM-like,normal,50,Proposed Hybrid,320.21972,335.92235999999997,180.96174000000002,0.9934799999999999,0.063326,44.0,0.8800000000000001,0.15924,1118.8128000000002,156.6,7.830000000000001,790.2598
ARM-like,normal,100,Contextual Bandit RL,715.8699399999999,731.04874,275.83714,0.99664,0.065698,84.4,0.844,0.14844,2162.9858,299.6,14.98,1523.0128
ARM-like,normal,100,PRM,513.88768,529.0665200000001,493.68402,0.99664,0.065698,83.6,0.836,0.14818,2162.9858,115.8,5.79,1523.0128
ARM-like,normal,100,PRR,544.3199999999999,559.4988599999999,449.72378,0.99664,0.065698,86.8,0.868,0.13696,2162.9858,324.4,16.22,1523.0128
ARM-like,normal,100,Proposed Hybrid,616.2154800000001,631.39428,386.7459,0.99664,0.065698,91.2,0.9120000000000001,0.09692,2162.9858,311.2,15.559999999999999,1523.0128
RISC-V-like,bursty,5,Contextual Bandit RL,77.36958,107.59306,16.60044,0.9685600000000001,0.03329,4.2,0.8400000000000001,0.6905,302.235,21.8,1.09,156.33319999999998
RISC-V-like,bursty,5,PRM,48.70044,78.92394,34.5261,0.9685600000000001,0.03329,2.6,0.52,0.3022,302.235,5.2,0.26,156.33319999999998
RISC-V-like,bursty,5,PRR,49.238260000000004,79.46173999999999,26.4748,0.9685600000000001,0.03329,2.8,0.5599999999999999,0.42526,302.235,10.8,0.54,156.33319999999998
RISC-V-like,bursty,5,Proposed Hybrid,57.00305999999999,87.22654,15.839580000000002,0.9685600000000001,0.03329,3.2,0.64,0.68876,302.235,20.2,1.01,156.33319999999998
RISC-V-like,bursty,10,Contextual Bandit RL,178.67252000000002,209.30514,36.458839999999995,0.98338,0.032396,9.0,0.9,0.25773999999999997,612.6524000000001,55.2,2.7600000000000002,311.5422
RISC-V-like,bursty,10,PRM,110.53904,141.17164,93.83512,0.98338,0.032396,6.6,0.6599999999999999,0.21147999999999997,612.6524000000001,11.0,0.55,311.5422
RISC-V-like,bursty,10,PRR,115.74513999999999,146.37774,83.64318,0.98338,0.032396,7.8,0.78,0.27284,612.6524000000001,29.6,1.48,311.5422
RISC-V-like,bursty,10,Proposed Hybrid,137.00884000000002,167.64144000000002,46.50838,0.98338,0.032396,8.2,0.82,0.38234,612.6524000000001,50.4,2.52,311.5422
RISC-V-like,bursty,20,Contextual Bandit RL,357.3984,387.61948,79.06156,0.99138,0.032908,19.0,0.95,0.1766,1208.8434,121.4,6.07,609.6376
RISC-V-like,bursty,20,PRM,235.74958,265.97069999999997,216.47458,0.99138,0.032908,15.8,0.79,0.14998,1208.8434,22.6,1.1300000000000001,609.6376
RISC-V-like,bursty,20,PRR,246.97178,277.19286,189.46328,0.99138,0.032908,16.6,0.8300000000000001,0.25744,1208.8434,98.0,4.9,609.6376
RISC-V-like,bursty,20,Proposed Hybrid,287.6734,317.89448000000004,120.05828,0.99138,0.032908,18.0,0.9,0.23698000000000002,1208.8434,112.4,5.62,609.6376
RISC-V-like,bursty,50,Contextual Bandit RL,969.38136,1000.58878,242.25146,0.9966200000000001,0.031998,46.0,0.9199999999999999,0.09713999999999999,3120.7434000000003,327.4,16.37,1565.5876
RISC-V-like,bursty,50,PRM,642.94504,674.1524999999999,616.38526,0.9966200000000001,0.031998,42.8,0.8560000000000001,0.10522000000000001,3120.7434000000003,57.8,2.8899999999999997,1565.5876
RISC-V-like,bursty,50,PRR,669.2479799999999,700.45544,546.02594,0.9966200000000001,0.031998,45.8,0.916,0.11242,3120.7434000000003,340.6,17.029999999999998,1565.5876
RISC-V-like,bursty,50,Proposed Hybrid,761.5879199999999,792.79536,337.7217,0.9966200000000001,0.031998,46.8,0.9359999999999999,0.10995999999999999,3120.7434000000003,326.0,16.3,1565.5876
RISC-V-like,bursty,100,Contextual Bandit RL,1742.09528,1771.75406,527.6567,0.99824,0.033706,90.4,0.9040000000000001,0.08,5931.7654,630.2,31.51,2971.0984
RISC-V-like,bursty,100,PRM,1239.44256,1269.10134,1214.28062,0.99824,0.033706,90.2,0.9019999999999999,0.0779,5931.7654,114.2,5.71,2971.0984
RISC-V-like,bursty,100,PRR,1280.3039199999998,1309.96272,1085.5764800000002,0.99824,0.033706,93.6,0.9359999999999999,0.06568,5931.7654,688.6,34.42999999999999,2971.0984
RISC-V-like,bursty,100,Proposed Hybrid,1439.40934,1469.06818,780.07782,0.99824,0.033706,95.6,0.9560000000000001,0.05406,5931.7654,644.0,32.2,2971.0984
RISC-V-like,cpu_heavy,5,Contextual Bandit RL,122.66551999999999,167.77942000000002,25.97726,0.9867799999999999,0.022112,4.4,0.8800000000000001,0.63124,563.9238,31.4,1.5699999999999998,228.6552
RISC-V-like,cpu_heavy,5,PRM,82.72592,127.83984000000001,62.732040000000005,0.9867799999999999,0.022112,3.0,0.6,0.25234,563.9238,5.0,0.25,228.6552
RISC-V-like,cpu_heavy,5,PRR,84.67378,129.78768,50.434659999999994,0.9867799999999999,0.022112,3.4,0.6799999999999999,0.34718,563.9238,15.2,0.76,228.6552
RISC-V-like,cpu_heavy,5,Proposed Hybrid,107.47550000000001,152.58944,24.71074,0.9867799999999999,0.022112,4.0,0.8,0.6306200000000001,563.9238,30.2,1.51,228.6552
RISC-V-like,cpu_heavy,10,Contextual Bandit RL,290.10208,335.55708,63.94314000000001,0.99326,0.021914,9.0,0.9,0.3176,1136.3752,84.2,4.21,457.63620000000003
RISC-V-like,cpu_heavy,10,PRM,187.384,232.83901999999998,166.24705999999998,0.99326,0.021914,8.0,0.8,0.13822,1136.3752,10.2,0.51,457.63620000000003
RISC-V-like,cpu_heavy,10,PRR,198.40902,243.86404000000002,154.27357999999998,0.99326,0.021914,8.4,0.8400000000000001,0.23078000000000004,1136.3752,52.6,2.63,457.63620000000003
RISC-V-like,cpu_heavy,10,Proposed Hybrid,256.96619999999996,302.42118,69.164,0.99326,0.021914,8.8,0.8800000000000001,0.29562,1136.3752,81.4,4.07,457.63620000000003
RISC-V-like,cpu_heavy,20,Contextual Bandit RL,649.9852,695.0966999999999,134.97812,0.99658,0.022112,19.0,0.95,0.13369999999999999,2255.5762,186.8,9.34,905.3165999999999
RISC-V-like,cpu_heavy,20,PRM,400.95376,446.06530000000004,375.24584,0.99658,0.022112,17.8,0.89,0.09024,2255.5762,21.4,1.0699999999999998,905.3165999999999
RISC-V-like,cpu_heavy,20,PRR,425.6879,470.7994,342.20724,0.99658,0.022112,18.4,0.9199999999999999,0.25476,2255.5762,163.8,8.190000000000001,905.3165999999999
RISC-V-like,cpu_heavy,20,Proposed Hybrid,570.1378,615.2493,142.00972000000002,0.99658,0.022112,19.0,0.95,0.18524,2255.5762,188.8,9.440000000000001,905.3165999999999
RISC-V-like,cpu_heavy,50,Contextual Bandit RL,1758.4826,1804.4162000000001,408.51822000000004,0.99864,0.021756,47.6,0.952,0.05336,5741.6956,492.8,24.64,2299.7644
RISC-V-like,cpu_heavy,50,PRM,1060.3135200000002,1106.2471,1028.59038,0.99864,0.021756,47.2,0.944,0.04412,5741.6956,60.0,3.0,2299.7644
RISC-V-like,cpu_heavy,50,PRR,1124.67704,1170.6106,931.50314,0.99864,0.021756,48.6,0.9719999999999999,0.1278,5741.6956,524.0,26.2,2299.7644
RISC-V-like,cpu_heavy,50,Proposed Hybrid,1347.1621,1393.0956600000002,458.73724000000004,0.99864,0.021756,48.0,0.96,0.10366,5741.6956,503.4,25.169999999999998,2299.7644
RISC-V-like,cpu_heavy,100,Contextual Bandit RL,3495.57296,3540.2162,895.5139800000001,0.9993000000000001,0.022394,95.8,0.958,0.04194,11160.810000000001,983.2,49.160000000000004,4467.409799999999
RISC-V-like,cpu_heavy,100,PRM,2083.04842,2127.69166,2052.0254400000003,0.9993000000000001,0.022394,96.4,0.9640000000000001,0.03506,11160.810000000001,116.0,5.8,4467.409799999999
RISC-V-like,cpu_heavy,100,PRR,2208.84842,2253.49166,1856.986,0.9993000000000001,0.022394,98.8,0.9879999999999999,0.09274,11160.810000000001,1058.4,52.92,4467.409799999999
RISC-V-like,cpu_heavy,100,Proposed Hybrid,2550.6180400000003,2595.26126,1136.93812,0.9993000000000001,0.022394,97.6,0.976,0.04252,11160.810000000001,997.2,49.86,4467.409799999999
RISC-V-like,light,5,Contextual Bandit RL,0.14596,5.82552,0.14596,0.53162,0.093542,0.0,0.0,0.9699,28.3978,4.0,0.2,54.5828
RISC-V-like,light,5,PRM,0.14596,5.82552,0.14596,0.53162,0.093542,0.0,0.0,0.9699,28.3978,4.0,0.2,54.5828
RISC-V-like,light,5,PRR,0.14596,5.82552,0.14596,0.53162,0.093542,0.0,0.0,0.9699,28.3978,4.0,0.2,54.5828
RISC-V-like,light,5,Proposed Hybrid,0.14596,5.82552,0.14596,0.53162,0.093542,0.0,0.0,0.9699,28.3978,4.0,0.2,54.5828
RISC-V-like,light,10,Contextual Bandit RL,0.12868,5.85956,0.12868,0.52,0.09041600000000001,0.0,0.0,0.9737199999999999,57.3088,9.0,0.45,111.282
RISC-V-like,light,10,PRM,0.12868,5.85956,0.12868,0.52,0.09041600000000001,0.0,0.0,0.9737199999999999,57.3088,9.0,0.45,111.282
RISC-V-like,light,10,PRR,0.12868,5.85956,0.12868,0.52,0.09041600000000001,0.0,0.0,0.9737199999999999,57.3088,9.0,0.45,111.282
RISC-V-like,light,10,Proposed Hybrid,0.12868,5.85956,0.12868,0.52,0.09041600000000001,0.0,0.0,0.9737199999999999,57.3088,9.0,0.45,111.282
RISC-V-like,light,20,Contextual Bandit RL,0.12,5.79946,0.12,0.52978,0.09321,0.2,0.01,0.97552,113.58900000000001,19.0,0.95,215.154
RISC-V-like,light,20,PRM,0.12,5.79946,0.12,0.52978,0.09321,0.2,0.01,0.97552,113.58900000000001,19.0,0.95,215.154
RISC-V-like,light,20,PRR,0.12,5.79946,0.12,0.52978,0.09321,0.2,0.01,0.97552,113.58900000000001,19.0,0.95,215.154
RISC-V-like,light,20,Proposed Hybrid,0.12,5.79946,0.12,0.52978,0.09321,0.2,0.01,0.97552,113.58900000000001,19.0,0.95,215.154
RISC-V-like,light,50,Contextual Bandit RL,0.18002,5.98296,0.18002,0.5625600000000001,0.096958,1.0,0.02,0.9631000000000001,290.1478,49.0,2.45,516.0762
RISC-V-like,light,50,PRM,0.19832,6.00126,0.16724,0.5625600000000001,0.096958,1.2,0.024,0.96348,290.1478,49.2,2.46,516.0762
RISC-V-like,light,50,PRR,0.18002,5.98296,0.18002,0.5625600000000001,0.096958,1.0,0.02,0.9631000000000001,290.1478,49.0,2.45,516.0762
RISC-V-like,light,50,Proposed Hybrid,0.1974,6.00036,0.16724,0.5625600000000001,0.096958,1.0,0.02,0.96154,290.1478,49.4,2.47,516.0762
RISC-V-like,light,100,Contextual Bandit RL,0.18488,5.7941400000000005,0.18488,0.55128,0.09831999999999999,1.6,0.016,0.9617000000000001,560.926,99.0,4.95,1017.9554
RISC-V-like,light,100,PRM,0.23942000000000002,5.84868,0.16240000000000002,0.55128,0.09831999999999999,2.2,0.022,0.9625600000000001,560.926,99.6,4.9799999999999995,1017.9554
RISC-V-like,light,100,PRR,0.19046000000000002,5.7997,0.18214000000000002,0.55128,0.09831999999999999,1.8,0.018,0.9617000000000001,560.926,99.2,4.96,1017.9554
RISC-V-like,light,100,Proposed Hybrid,0.19358,5.80282,0.17848,0.55128,0.09831999999999999,1.6,0.016,0.96092,560.926,99.4,4.970000000000001,1017.9554
RISC-V-like,mixed,5,Contextual Bandit RL,15.272199999999998,28.9526,9.51044,0.91974,0.07076,2.2,0.44000000000000006,0.5736600000000001,123.1238,7.0,0.35,74.70700000000001
RISC-V-like,mixed,5,PRM,19.4887,33.16912,14.99042,0.91974,0.07076,2.6,0.52,0.44688,123.1238,5.0,0.25,74.70700000000001
RISC-V-like,mixed,5,PRR,16.27262,29.953020000000002,13.776079999999999,0.91974,0.07076,2.6,0.52,0.4711600000000001,123.1238,5.8,0.29,74.70700000000001
RISC-V-like,mixed,5,Proposed Hybrid,14.908280000000001,28.58868,10.80522,0.91974,0.07076,2.6,0.52,0.64974,123.1238,6.4,0.32,74.70700000000001
RISC-V-like,mixed,10,Contextual Bandit RL,49.81854,66.42138,23.08834,0.9578,0.060946,7.6,0.76,0.44862,298.8508,20.4,1.02,172.33319999999998
RISC-V-like,mixed,10,PRM,44.71116,61.314,37.839,0.9578,0.060946,6.2,0.6199999999999999,0.2928,298.8508,10.8,0.54,172.33319999999998
RISC-V-like,mixed,10,PRR,46.54244,63.1453,36.455740000000006,0.9578,0.060946,6.2,0.62,0.31714000000000003,298.8508,17.2,0.86,172.33319999999998
RISC-V-like,mixed,10,Proposed Hybrid,36.617039999999996,53.21986,27.04312,0.9578,0.060946,6.6,0.6599999999999999,0.46162000000000003,298.8508,18.0,0.9,172.33319999999998
RISC-V-like,mixed,20,Contextual Bandit RL,127.66584,144.10268000000002,51.463319999999996,0.97818,0.064532,16.2,0.8099999999999999,0.23608,591.7264,56.6,2.83,335.04179999999997
RISC-V-like,mixed,20,PRM,92.94768,109.38453999999999,83.45376,0.97818,0.064532,13.8,0.6900000000000001,0.26162,591.7264,22.8,1.1400000000000001,335.04179999999997
RISC-V-like,mixed,20,PRR,96.68856000000001,113.12539999999998,76.46028,0.97818,0.064532,15.2,0.76,0.23970000000000002,591.7264,47.8,2.3899999999999997,335.04179999999997
RISC-V-like,mixed,20,Proposed Hybrid,91.46702,107.90388,56.82637999999999,0.97818,0.064532,15.6,0.78,0.27538,591.7264,48.2,2.41,335.04179999999997
RISC-V-like,mixed,50,Contextual Bandit RL,326.93744000000004,343.60332,113.95796,0.9919,0.061239999999999996,41.2,0.8240000000000001,0.15676,1499.9284,158.4,7.92,839.5984000000001
RISC-V-like,mixed,50,PRM,251.90054,268.56642,239.03339999999997,0.9919,0.061239999999999996,37.8,0.756,0.21266,1499.9284,58.8,2.94,839.5984000000001
RISC-V-like,mixed,50,PRR,241.5471,258.21296,203.46002000000001,0.9919,0.061239999999999996,39.6,0.792,0.21391999999999997,1499.9284,151.6,7.58,839.5984000000001
RISC-V-like,mixed,50,Proposed Hybrid,251.35606,268.02194,158.65048,0.9919,0.061239999999999996,42.6,0.852,0.17679999999999998,1499.9284,160.0,8.0,839.5984000000001
RISC-V-like,mixed,100,Contextual Bandit RL,615.57934,632.23676,273.44169999999997,0.9961,0.060222,81.2,0.8119999999999999,0.15142,2998.3344,316.8,15.84,1672.0462
RISC-V-like,mixed,100,PRM,528.29676,544.95416,509.62605999999994,0.9961,0.060222,78.4,0.784,0.19026,2998.3344,118.4,5.92,1672.0462
RISC-V-like,mixed,100,PRR,482.52278000000007,499.18018,422.29157999999995,0.9961,0.060222,81.4,0.8140000000000001,0.18495999999999999,2998.3344,344.4,17.22,1672.0462
RISC-V-like,mixed,100,Proposed Hybrid,548.31052,564.96794,368.09846,0.9961,0.060222,91.2,0.9120000000000001,0.09894,2998.3344,334.0,16.7,1672.0462
RISC-V-like,normal,5,Contextual Bandit RL,26.62944,40.829899999999995,6.762919999999999,0.9342,0.066884,3.6,0.72,0.60478,106.503,11.8,0.5900000000000001,76.13019999999999
RISC-V-like,normal,5,PRM,21.00988,35.210339999999995,14.81686,0.9342,0.066884,2.2,0.44000000000000006,0.45758,106.503,5.2,0.26,76.13019999999999
RISC-V-like,normal,5,PRR,22.53902,36.739459999999994,12.236419999999999,0.9342,0.066884,2.8,0.5599999999999999,0.49816000000000005,106.503,8.0,0.4,76.13019999999999
RISC-V-like,normal,5,Proposed Hybrid,24.74426,38.94468,12.009020000000001,0.9342,0.066884,3.4,0.6799999999999999,0.61932,106.503,10.4,0.52,76.13019999999999
RISC-V-like,normal,10,Contextual Bandit RL,61.28546,75.61372,15.214159999999998,0.9655799999999999,0.06766,7.8,0.78,0.41006,214.92399999999998,28.0,1.4,148.4106
RISC-V-like,normal,10,PRM,44.24462,58.572860000000006,35.27202,0.9655799999999999,0.06766,6.0,0.6,0.35378,214.92399999999998,11.6,0.5800000000000001,148.4106
RISC-V-like,normal,10,PRR,45.86632,60.19462,33.043079999999996,0.9655799999999999,0.06766,7.0,0.7,0.37102,214.92399999999998,18.2,0.9099999999999999,148.4106
RISC-V-like,normal,10,Proposed Hybrid,50.60958,64.93787999999999,27.035040000000002,0.9655799999999999,0.06766,8.0,0.8,0.4006,214.92399999999998,25.2,1.26,148.4106
RISC-V-like,normal,20,Contextual Bandit RL,137.22838000000002,151.42828,30.85664,0.9822200000000001,0.06926600000000001,17.4,0.8699999999999999,0.13398,425.99660000000006,59.8,2.9899999999999998,289.12600000000003
RISC-V-like,normal,20,PRM,89.65456,103.85445999999999,77.16588,0.9822200000000001,0.06926600000000001,13.8,0.6900000000000001,0.24924,425.99660000000006,23.4,1.17,289.12600000000003
RISC-V-like,normal,20,PRR,94.06904,108.26895999999999,72.46404,0.9822200000000001,0.06926600000000001,14.6,0.73,0.29032,425.99660000000006,49.4,2.4699999999999998,289.12600000000003
RISC-V-like,normal,20,Proposed Hybrid,110.2183,124.41815999999999,57.89394,0.9822200000000001,0.06926600000000001,17.2,0.86,0.20912000000000003,425.99660000000006,57.4,2.87,289.12600000000003
RISC-V-like,normal,50,Contextual Bandit RL,340.60908,355.11694,106.94702,0.99298,0.068502,42.2,0.844,0.13504,1088.0902,156.2,7.81,730.5216
RISC-V-like,normal,50,PRM,236.50272,251.01059999999998,221.10657999999998,0.99298,0.068502,39.0,0.78,0.18395999999999998,1088.0902,58.8,2.94,730.5216
RISC-V-like,normal,50,PRR,249.09615999999997,263.60402,201.31622,0.99298,0.068502,40.8,0.8160000000000001,0.19132,1088.0902,156.8,7.840000000000001,730.5216
RISC-V-like,normal,50,Proposed Hybrid,281.12648,295.63433999999995,158.29556,0.99298,0.068502,43.8,0.876,0.12187999999999999,1088.0902,154.4,7.720000000000001,730.5216
RISC-V-like,normal,100,Contextual Bandit RL,631.51532,645.5392400000001,251.27147999999997,0.9963799999999999,0.071092,81.2,0.812,0.15016000000000002,2103.59,295.2,14.76,1407.5216
RISC-V-like,normal,100,PRM,457.43118000000004,471.45509999999996,440.51982,0.9963799999999999,0.071092,80.4,0.804,0.16446,2103.59,117.2,5.86,1407.5216
RISC-V-like,normal,100,PRR,483.19202000000007,497.21592,400.85758,0.9963799999999999,0.071092,83.8,0.8379999999999999,0.1609,2103.59,319.4,15.970000000000002,1407.5216
RISC-V-like,normal,100,Proposed Hybrid,539.30448,553.32844,339.08119999999997,0.9963799999999999,0.071092,89.8,0.898,0.08952,2103.59,303.6,15.180000000000001,1407.5216
x86-like,bursty,5,Contextual Bandit RL,67.0572,94.8628,15.1416,0.9659599999999999,0.036092,3.8,0.76,0.73624,278.056,20.2,1.01,144.244
x86-like,bursty,5,PRM,44.6368,72.44239999999999,34.6576,0.9659599999999999,0.036092,2.4,0.48,0.32480000000000003,278.056,5.0,0.25,144.244
x86-like,bursty,5,PRR,45.443200000000004,73.24879999999999,26.826800000000002,0.9659599999999999,0.036092,2.8,0.5599999999999999,0.43088,278.056,10.8,0.54,144.244
x86-like,bursty,5,Proposed Hybrid,51.662800000000004,79.4684,18.3784,0.9659599999999999,0.036092,3.0,0.6,0.63462,278.056,19.0,0.95,144.244
x86-like,bursty,10,Contextual Bandit RL,151.7092,179.8912,29.6372,0.9819800000000001,0.035162,8.6,0.86,0.26452,563.64,53.6,2.68,287.036
x86-like,bursty,10,PRM,100.2628,128.44480000000001,88.1298,0.9819800000000001,0.035162,6.4,0.6399999999999999,0.23074000000000003,563.64,10.6,0.53,287.036
x86-like,bursty,10,PRR,104.19380000000001,132.3758,80.3856,0.9819800000000001,0.035162,7.4,0.74,0.30098,563.64,29.2,1.46,287.036
x86-like,bursty,10,Proposed Hybrid,122.22080000000001,150.4028,46.9026,0.9819800000000001,0.035162,8.0,0.8,0.34978000000000004,563.64,47.2,2.3600000000000003,287.036
x86-like,bursty,20,Contextual Bandit RL,311.3467,339.1501,69.4903,0.9906200000000001,0.035742,18.0,0.9,0.16077999999999998,1112.136,118.8,5.9399999999999995,561.284
x86-like,bursty,20,PRM,213.75190000000003,241.5553,198.8742,0.9906200000000001,0.035742,15.6,0.78,0.183,1112.136,22.4,1.1199999999999999,561.284
x86-like,bursty,20,PRR,221.64209999999997,249.44549999999998,177.1112,0.9906200000000001,0.035742,15.8,0.79,0.24918,1112.136,96.4,4.82,561.284
x86-like,bursty,20,Proposed Hybrid,260.0324,287.8358,100.78970000000001,0.9906200000000001,0.035742,17.8,0.89,0.23258,1112.136,114.6,5.7299999999999995,561.284
x86-like,bursty,50,Contextual Bandit RL,834.1905999999999,862.90144,227.6072,0.99634,0.034772000000000004,44.2,0.884,0.10538,2871.084,320.0,16.0,1440.758
x86-like,bursty,50,PRM,583.3727200000001,612.08356,559.44888,0.99634,0.034772000000000004,42.0,0.8400000000000001,0.11199999999999999,2871.084,57.8,2.8899999999999997,1440.758
x86-like,bursty,50,PRR,604.2774400000001,632.98828,500.30255999999997,0.99634,0.034772000000000004,45.0,0.9,0.11444000000000001,2871.084,336.4,16.82,1440.758
x86-like,bursty,50,Proposed Hybrid,668.48884,697.19968,289.82543999999996,0.99634,0.034772000000000004,46.2,0.924,0.12038,2871.084,325.6,16.28,1440.758
x86-like,bursty,100,Contextual Bandit RL,1509.9353999999998,1537.22152,509.48978,0.9981199999999999,0.036628,88.0,0.8800000000000001,0.08736000000000001,5457.224,613.6,30.68,2733.828
x86-like,bursty,100,PRM,1122.4748599999998,1149.76098,1099.2603199999999,0.9981199999999999,0.036628,88.8,0.8880000000000001,0.0799,5457.224,114.0,5.7,2733.828
x86-like,bursty,100,PRR,1156.63176,1183.91788,986.49742,0.9981199999999999,0.036628,92.2,0.922,0.06848,5457.224,681.0,34.05,2733.828
x86-like,bursty,100,Proposed Hybrid,1317.4863,1344.77242,700.2932800000001,0.9981199999999999,0.036628,95.6,0.9560000000000001,0.05926,5457.224,630.6,31.53,2733.828
x86-like,cpu_heavy,5,Contextual Bandit RL,110.4836,151.9884,22.1312,0.98566,0.024007999999999998,4.2,0.8400000000000001,0.72138,518.8100000000001,30.4,1.52,210.60999999999999
x86-like,cpu_heavy,5,PRM,75.62480000000001,117.12960000000001,57.230399999999996,0.98566,0.024007999999999998,2.6,0.52,0.24864000000000003,518.8100000000001,5.0,0.25,210.60999999999999
x86-like,cpu_heavy,5,PRR,77.3972,118.902,47.3452,0.98566,0.024007999999999998,3.2,0.64,0.33506,518.8100000000001,15.0,0.75,210.60999999999999
x86-like,cpu_heavy,5,Proposed Hybrid,97.612,139.1168,23.8016,0.98566,0.024007999999999998,3.8,0.76,0.60856,518.8100000000001,28.6,1.43,210.60999999999999
x86-like,cpu_heavy,10,Contextual Bandit RL,250.13639999999995,291.95500000000004,68.08099999999999,0.9927199999999999,0.023804,8.6,0.86,0.32736,1045.4650000000001,80.8,4.04,421.27200000000005
x86-like,cpu_heavy,10,PRM,171.2648,213.08339999999998,151.8188,0.9927199999999999,0.023804,7.4,0.74,0.13282,1045.4650000000001,10.2,0.51,421.27200000000005
x86-like,cpu_heavy,10,PRR,181.398,223.21660000000003,141.5174,0.9927199999999999,0.023804,8.4,0.8400000000000001,0.22738,1045.4650000000001,52.4,2.62,421.27200000000005
x86-like,cpu_heavy,10,Proposed Hybrid,232.8154,274.634,64.136,0.9927199999999999,0.023804,8.6,0.86,0.30558,1045.4650000000001,79.6,3.9799999999999995,421.27200000000005
x86-like,cpu_heavy,20,Contextual Bandit RL,593.9288,635.4313999999999,118.90140000000001,0.9962799999999999,0.02403,19.0,0.95,0.1367,2075.13,184.6,9.23,833.1380000000001
x86-like,cpu_heavy,20,PRM,366.7374,408.24,343.0861,0.9962799999999999,0.02403,17.6,0.8800000000000001,0.0849,2075.13,21.4,1.0699999999999998,833.1380000000001
x86-like,cpu_heavy,20,PRR,389.1279,430.63050000000004,313.0077,0.9962799999999999,0.02403,18.2,0.9099999999999999,0.24409999999999998,2075.13,163.2,8.16,833.1380000000001
x86-like,cpu_heavy,20,Proposed Hybrid,521.7142,563.2167999999999,123.9908,0.9962799999999999,0.02403,18.6,0.93,0.20817999999999998,2075.13,185.0,9.25,833.1380000000001
x86-like,cpu_heavy,50,Contextual Bandit RL,1620.46316,1662.7220399999999,337.62096,0.99856,0.023644,47.6,0.952,0.05706,5282.360000000001,498.0,24.9,2116.0299999999997
x86-like,cpu_heavy,50,PRM,969.9834000000001,1012.24228,940.7980800000001,0.99856,0.023644,46.8,0.9359999999999999,0.047599999999999996,5282.360000000001,60.0,3.0,2116.0299999999997
x86-like,cpu_heavy,50,PRR,1028.22568,1070.48456,851.1498799999999,0.99856,0.023644,48.2,0.9640000000000001,0.12401999999999999,5282.360000000001,522.6,26.130000000000003,2116.0299999999997
x86-like,cpu_heavy,50,Proposed Hybrid,1246.20264,1288.46152,384.63916,0.99856,0.023644,47.8,0.9559999999999998,0.10996000000000002,5282.360000000001,503.8,25.189999999999998,2116.0299999999997
x86-like,cpu_heavy,100,Contextual Bandit RL,3187.41548,3228.48726,765.35198,0.9992599999999999,0.02434,94.8,0.9480000000000001,0.05138,10267.945,971.6,48.58,4110.264
x86-like,cpu_heavy,100,PRM,1904.19892,1945.2706999999998,1876.45236,0.9992599999999999,0.02434,95.8,0.958,0.034140000000000004,10267.945,115.6,5.779999999999999,4110.264
x86-like,cpu_heavy,100,PRR,2019.4811000000002,2060.55288,1695.91768,0.9992599999999999,0.02434,98.4,0.984,0.08848,10267.945,1057.0,52.85,4110.264
x86-like,cpu_heavy,100,Proposed Hybrid,2299.7186,2340.79038,1082.9148,0.9992599999999999,0.02434,97.0,0.97,0.0503,10267.945,991.0,49.55,4110.264
x86-like,light,5,Contextual Bandit RL,0.0748,5.3,0.0748,0.49218,0.094116,0.0,0.0,0.98464,26.125999999999998,4.0,0.2,54.262
x86-like,light,5,PRM,0.0748,5.3,0.0748,0.49218,0.094116,0.0,0.0,0.98464,26.125999999999998,4.0,0.2,54.262
x86-like,light,5,PRR,0.0748,5.3,0.0748,0.49218,0.094116,0.0,0.0,0.98464,26.125999999999998,4.0,0.2,54.262
x86-like,light,5,Proposed Hybrid,0.0748,5.3,0.0748,0.49218,0.094116,0.0,0.0,0.98464,26.125999999999998,4.0,0.2,54.262
x86-like,light,10,Contextual Bandit RL,0.0626,5.335,0.0626,0.48038,0.090786,0.0,0.0,0.98634,52.724000000000004,9.0,0.45,110.84400000000001
x86-like,light,10,PRM,0.0626,5.335,0.0626,0.48038,0.090786,0.0,0.0,0.98634,52.724000000000004,9.0,0.45,110.84400000000001
x86-like,light,10,PRR,0.0626,5.335,0.0626,0.48038,0.090786,0.0,0.0,0.98634,52.724000000000004,9.0,0.45,110.84400000000001
x86-like,light,10,Proposed Hybrid,0.0626,5.335,0.0626,0.48038,0.090786,0.0,0.0,0.98634,52.724000000000004,9.0,0.45,110.84400000000001
x86-like,light,20,Contextual Bandit RL,0.06470000000000001,5.2898,0.06470000000000001,0.48868,0.093468,0.2,0.01,0.9857800000000001,104.502,19.0,0.95,214.58200000000002
x86-like,light,20,PRM,0.06470000000000001,5.2898,0.06470000000000001,0.48868,0.093468,0.2,0.01,0.9857800000000001,104.502,19.0,0.95,214.58200000000002
x86-like,light,20,PRR,0.06470000000000001,5.2898,0.06470000000000001,0.48868,0.093468,0.2,0.01,0.9857800000000001,104.502,19.0,0.95,214.58200000000002
x86-like,light,20,Proposed Hybrid,0.06470000000000001,5.2898,0.06470000000000001,0.48868,0.093468,0.2,0.01,0.9857800000000001,104.502,19.0,0.95,214.58200000000002
x86-like,light,50,Contextual Bandit RL,0.09772,5.43644,0.09772,0.5182,0.097078,0.2,0.004,0.97834,266.93600000000004,49.0,2.45,515.4440000000001
x86-like,light,50,PRM,0.09772,5.43644,0.09772,0.5182,0.097078,0.2,0.004,0.97834,266.93600000000004,49.0,2.45,515.4440000000001
x86-like,light,50,PRR,0.09772,5.43644,0.09772,0.5182,0.097078,0.2,0.004,0.97834,266.93600000000004,49.0,2.45,515.4440000000001
x86-like,light,50,Proposed Hybrid,0.09772,5.43644,0.09772,0.5182,0.097078,0.2,0.004,0.97834,266.93600000000004,49.0,2.45,515.4440000000001
x86-like,light,100,Contextual Bandit RL,0.09530000000000001,5.25582,0.09530000000000001,0.50736,0.09836,0.4,0.004,0.97862,516.052,99.0,4.95,1017.5459999999999
x86-like,light,100,PRM,0.09530000000000001,5.25582,0.09530000000000001,0.50736,0.09836,0.4,0.004,0.97862,516.052,99.0,4.95,1017.5459999999999
x86-like,light,100,PRR,0.10042,5.26094,0.09278,0.50736,0.09836,0.4,0.004,0.9788,516.052,99.2,4.96,1017.5459999999999
x86-like,light,100,Proposed Hybrid,0.09530000000000001,5.25582,0.09530000000000001,0.50736,0.09836,0.4,0.004,0.97862,516.052,99.0,4.95,1017.5459999999999
x86-like,mixed,5,Contextual Bandit RL,13.9108,26.4968,8.200800000000001,0.9119400000000001,0.07632,2.0,0.4,0.6139,113.274,7.4,0.37,69.39
x86-like,mixed,5,PRM,15.7964,28.3824,13.1668,0.9119400000000001,0.07632,2.2,0.44000000000000006,0.48023999999999994,113.274,4.8,0.24,69.39
x86-like,mixed,5,PRR,12.4252,25.0112,10.73,0.9119400000000001,0.07632,1.6,0.32,0.50456,113.274,5.6,0.27999999999999997,69.39
x86-like,mixed,5,Proposed Hybrid,10.453199999999999,23.0392,7.1972000000000005,0.9119400000000001,0.07632,2.2,0.44000000000000006,0.55518,113.274,5.8,0.29,69.39
x86-like,mixed,10,Contextual Bandit RL,39.811400000000006,55.086,18.636599999999998,0.9536,0.06592200000000001,6.0,0.6,0.35448,274.9428,18.0,0.9,159.206
x86-like,mixed,10,PRM,38.0264,53.301,33.2642,0.9536,0.06592200000000001,5.6,0.5599999999999999,0.35578,274.9428,10.4,0.52,159.206
x86-like,mixed,10,PRR,38.9156,54.19019999999999,30.4156,0.9536,0.06592200000000001,4.8,0.48,0.3451,274.9428,16.8,0.8400000000000001,159.206
x86-like,mixed,10,Proposed Hybrid,30.9338,46.2084,21.9942,0.9536,0.06592200000000001,6.0,0.6,0.39766,274.9428,16.8,0.8400000000000001,159.206
x86-like,mixed,20,Contextual Bandit RL,91.1856,106.3075,33.6287,0.97596,0.069972,13.6,0.6799999999999999,0.29484,544.3884,52.4,2.62,308.898
x86-like,mixed,20,PRM,78.6491,93.771,72.50609999999999,0.97596,0.069972,12.4,0.62,0.32594,544.3884,22.4,1.1199999999999999,308.898
x86-like,mixed,20,PRR,83.6885,98.8104,65.6289,0.97596,0.069972,13.8,0.6900000000000001,0.26016,544.3884,47.2,2.3600000000000003,308.898
x86-like,mixed,20,Proposed Hybrid,77.1035,92.22540000000001,49.856700000000004,0.97596,0.069972,15.2,0.76,0.28424,544.3884,48.4,2.4200000000000004,308.898
x86-like,mixed,50,Contextual Bandit RL,269.05928,284.39188,109.33168,0.99102,0.06651,38.4,0.768,0.21646,1379.934,148.0,7.4,773.0899999999999
x86-like,mixed,50,PRM,216.58472,231.91732000000002,207.49816,0.99102,0.06651,35.4,0.708,0.25532,1379.934,59.8,2.9899999999999998,773.0899999999999
x86-like,mixed,50,PRR,210.11592000000002,225.44852,175.8184,0.99102,0.06651,37.2,0.744,0.22637999999999997,1379.934,149.8,7.49,773.0899999999999
x86-like,mixed,50,Proposed Hybrid,220.89796,236.23056000000003,139.84904,0.99102,0.06651,41.6,0.8320000000000001,0.1701,1379.934,150.0,7.5,773.0899999999999
x86-like,mixed,100,Contextual Bandit RL,502.36286,517.68768,234.74276,0.9956799999999999,0.065428,74.6,0.746,0.22080000000000002,2758.4676,309.0,15.45,1538.942
x86-like,mixed,100,PRM,455.59324,470.91805999999997,443.84008000000006,0.9956799999999999,0.065428,75.2,0.752,0.22069999999999998,2758.4676,119.0,5.95,1538.942
x86-like,mixed,100,PRR,418.99366,434.31848,363.9694,0.9956799999999999,0.065428,77.2,0.772,0.19985999999999998,2758.4676,341.6,17.080000000000002,1538.942
x86-like,mixed,100,Proposed Hybrid,470.20176000000004,485.52658,332.59658,0.9956799999999999,0.065428,89.2,0.892,0.09284,2758.4676,322.4,16.119999999999997,1538.942
x86-like,normal,5,Contextual Bandit RL,24.5216,37.586,6.76,0.9289,0.072296,3.8,0.76,0.592,97.983,12.2,0.61,70.45
x86-like,normal,5,PRM,18.6844,31.7488,12.986799999999999,0.9289,0.072296,2.4,0.48,0.48098,97.983,5.2,0.26,70.45
x86-like,normal,5,PRR,20.2512,33.3156,11.0928,0.9289,0.072296,2.6,0.52,0.44454000000000005,97.983,7.6,0.38,70.45
x86-like,normal,5,Proposed Hybrid,21.4764,34.540800000000004,10.079600000000001,0.9289,0.072296,3.2,0.64,0.54636,97.983,10.2,0.51,70.45
x86-like,normal,10,Contextual Bandit RL,53.532,66.714,15.147200000000002,0.96276,0.073328,8.0,0.8,0.46945999999999993,197.73,25.8,1.29,136.948
x86-like,normal,10,PRM,38.4846,51.6666,30.8414,0.96276,0.073328,6.0,0.6,0.38208000000000003,197.73,11.6,0.58,136.948
x86-like,normal,10,PRR,40.0882,53.2702,29.237599999999997,0.96276,0.073328,6.2,0.62,0.33714,197.73,17.2,0.86,136.948
x86-like,normal,10,Proposed Hybrid,44.2126,57.394600000000004,25.8464,0.96276,0.073328,7.4,0.74,0.3054,197.73,23.2,1.1600000000000001,136.948
x86-like,normal,20,Contextual Bandit RL,112.31109999999998,125.375,32.5021,0.98074,0.07517399999999999,16.2,0.8099999999999999,0.18460000000000001,391.91700000000003,57.0,2.85,266.406
x86-like,normal,20,PRM,78.63969999999999,91.70360000000001,67.0764,0.98074,0.07517399999999999,13.6,0.6799999999999999,0.27764,391.91700000000003,24.0,1.2,266.406
x86-like,normal,20,PRR,82.2159,95.2798,63.4731,0.98074,0.07517399999999999,13.8,0.6900000000000001,0.24398,391.91700000000003,46.8,2.34,266.406
x86-like,normal,20,Proposed Hybrid,91.1506,104.2145,54.5259,0.98074,0.07517399999999999,16.2,0.8099999999999999,0.20800000000000002,391.91700000000003,53.8,2.69,266.406
x86-like,normal,50,Contextual Bandit RL,301.39336,314.7406,94.38784,0.99238,0.07441400000000001,40.8,0.8160000000000001,0.14589999999999997,1001.043,151.2,7.56,672.49
x86-like,normal,50,PRM,207.57096,220.91819999999998,192.47539999999998,0.99238,0.07441400000000001,38.0,0.76,0.21042,1001.043,58.6,2.93,672.49
x86-like,normal,50,PRR,219.54636,232.89360000000002,174.97628,0.99238,0.07441400000000001,38.4,0.768,0.187,1001.043,153.2,7.659999999999999,672.49
x86-like,normal,50,Proposed Hybrid,240.59668000000002,253.94392,143.98792,0.99238,0.07441400000000001,42.2,0.844,0.14618,1001.043,149.4,7.470000000000001,672.49
x86-like,normal,100,Contextual Bandit RL,537.4130600000001,550.3150800000001,223.06036,0.99604,0.07724800000000001,77.6,0.776,0.17187999999999998,1935.3029999999999,283.0,14.15,1295.33
x86-like,normal,100,PRM,400.8776,413.77961999999997,384.76644,0.99604,0.07724800000000001,77.2,0.772,0.1887,1935.3029999999999,118.0,5.9,1295.33
x86-like,normal,100,PRR,425.83245999999997,438.73447999999996,349.25684,0.99604,0.07724800000000001,81.0,0.8099999999999999,0.15832,1935.3029999999999,314.8,15.74,1295.33
x86-like,normal,100,Proposed Hybrid,476.30522,489.20724,299.42032,0.99604,0.07724800000000001,90.2,0.9019999999999999,0.09168,1935.3029999999999,297.0,14.85,1295.33
