workload_type,num_vms,cpu_config,scheduler,avg_waiting_time,avg_turnaround_time,avg_response_time,cpu_utilization,throughput,deadline_miss_rate,fairness_jain_index,estimated_energy,context_switches,estimated_scheduling_overhead
bursty,5,ARM-like,Contextual Bandit RL,82.3354,115.0478,17.2239,0.9709,0.0308,0.8000,0.6633,310.7686,21.2000,1.0600
bursty,5,ARM-like,PRM,53.1660,85.8784,39.6206,0.9709,0.0308,0.5600,0.3225,310.7686,5.0000,0.2500
bursty,5,ARM-like,PRR,53.5599,86.2723,31.8365,0.9709,0.0308,0.6000,0.4516,310.7686,10.6000,0.5300
bursty,5,ARM-like,Proposed Hybrid,64.6780,97.3905,23.8681,0.9709,0.0308,0.8800,0.6548,310.7686,21.6000,1.0800
bursty,10,ARM-like,Contextual Bandit RL,186.3992,219.5545,42.9573,0.9846,0.0300,0.9000,0.2521,629.9504,56.0000,2.8000
bursty,10,ARM-like,PRM,121.0552,154.2105,103.8738,0.9846,0.0300,0.6800,0.2175,629.9504,10.8000,0.5400
bursty,10,ARM-like,PRR,126.5018,159.6570,96.6719,0.9846,0.0300,0.8000,0.2970,629.9504,29.8000,1.4900
bursty,10,ARM-like,Proposed Hybrid,157.7547,190.9100,50.3140,0.9846,0.0300,0.9000,0.3301,629.9504,54.8000,2.7400
bursty,20,ARM-like,Contextual Bandit RL,388.5401,421.2500,81.1436,0.9920,0.0304,0.9200,0.1323,1242.9756,124.2000,6.2100
bursty,20,ARM-like,PRM,259.1296,291.8395,238.7543,0.9920,0.0304,0.8000,0.1434,1242.9756,22.4000,1.1200
bursty,20,ARM-like,PRR,270.8654,303.5753,213.8102,0.9920,0.0304,0.8600,0.2681,1242.9756,99.2000,4.9600
bursty,20,ARM-like,Proposed Hybrid,325.7335,358.4434,127.4192,0.9920,0.0304,0.9400,0.1893,1242.9756,122.2000,6.1100
bursty,50,ARM-like,Contextual Bandit RL,1002.6507,1036.4282,286.0628,0.9969,0.0296,0.9040,0.0920,3208.8586,328.0000,16.4000
bursty,50,ARM-like,PRM,706.9021,740.6795,678.5212,0.9969,0.0296,0.8680,0.0969,3208.8586,57.8000,2.8900
bursty,50,ARM-like,PRR,733.1640,766.9414,605.0752,0.9969,0.0296,0.9320,0.1158,3208.8586,342.4000,17.1200
bursty,50,ARM-like,Proposed Hybrid,826.6035,860.3810,359.5460,0.9969,0.0296,0.9560,0.0978,3208.8586,333.0000,16.6500
bursty,100,ARM-like,Contextual Bandit RL,1862.7906,1894.8919,623.9602,0.9984,0.0311,0.9000,0.0813,6099.2504,629.6000,31.4800
bursty,100,ARM-like,PRM,1362.4194,1394.5207,1335.8116,0.9984,0.0311,0.9080,0.0718,6099.2504,113.6000,5.6800
bursty,100,ARM-like,PRR,1404.7593,1436.8606,1196.2301,0.9984,0.0311,0.9420,0.0580,6099.2504,691.8000,34.5900
bursty,100,ARM-like,Proposed Hybrid,1592.8757,1624.9770,848.1477,0.9984,0.0311,0.9780,0.0552,6099.2504,650.8000,32.5400
cpu_heavy,5,ARM-like,Contextual Bandit RL,133.6411,182.4703,28.6138,0.9878,0.0205,0.8800,0.6314,579.8464,32.2000,1.6100
cpu_heavy,5,ARM-like,PRM,90.0359,138.8651,68.3955,0.9878,0.0205,0.6400,0.2556,579.8464,5.0000,0.2500
cpu_heavy,5,ARM-like,PRR,92.1442,140.9734,55.0854,0.9878,0.0205,0.6800,0.3578,579.8464,15.2000,0.7600
cpu_heavy,5,ARM-like,Proposed Hybrid,123.1870,172.0162,27.8077,0.9878,0.0205,0.9200,0.6502,579.8464,35.8000,1.7900
cpu_heavy,10,ARM-like,Contextual Bandit RL,319.5924,368.7908,63.1651,0.9938,0.0203,0.9200,0.3006,1168.4610,86.4000,4.3200
cpu_heavy,10,ARM-like,PRM,203.9773,253.1757,181.0997,0.9938,0.0203,0.8200,0.1431,1168.4610,10.2000,0.5100
cpu_heavy,10,ARM-like,PRR,215.9103,265.1086,167.9519,0.9938,0.0203,0.8400,0.2277,1168.4610,53.0000,2.6500
cpu_heavy,10,ARM-like,Proposed Hybrid,273.6966,322.8950,77.7879,0.9938,0.0203,0.8800,0.2972,1168.4610,80.4000,4.0200
cpu_heavy,20,ARM-like,Contextual Bandit RL,721.8332,770.6598,135.7897,0.9968,0.0204,0.9700,0.1088,2319.2628,192.8000,9.6400
cpu_heavy,20,ARM-like,PRM,436.1353,484.9619,409.2158,0.9968,0.0204,0.9000,0.0868,2319.2628,21.2000,1.0600
cpu_heavy,20,ARM-like,PRR,463.2358,512.0624,372.3340,0.9968,0.0204,0.9200,0.2645,2319.2628,164.2000,8.2100
cpu_heavy,20,ARM-like,Proposed Hybrid,641.9386,690.7652,154.0624,0.9968,0.0204,0.9600,0.2397,2319.2628,192.2000,9.6100
cpu_heavy,50,ARM-like,Contextual Bandit RL,1944.1021,1993.8184,396.6589,0.9988,0.0201,0.9600,0.0546,5903.8142,503.0000,25.1500
cpu_heavy,50,ARM-like,PRM,1153.1710,1202.8873,1120.4572,0.9988,0.0201,0.9440,0.0462,5903.8142,59.8000,2.9900
cpu_heavy,50,ARM-like,PRR,1223.7758,1273.4921,1014.4206,0.9988,0.0201,0.9760,0.1413,5903.8142,526.4000,26.3200
cpu_heavy,50,ARM-like,Proposed Hybrid,1492.4460,1542.1624,478.4090,0.9988,0.0201,0.9640,0.0844,5903.8142,508.8000,25.4400
cpu_heavy,100,ARM-like,Contextual Bandit RL,3823.1589,3871.4787,920.5304,0.9994,0.0207,0.9560,0.0474,11475.9386,986.6000,49.3300
cpu_heavy,100,ARM-like,PRM,2266.2649,2314.5846,2234.2657,0.9994,0.0207,0.9660,0.0289,11475.9386,116.4000,5.8200
cpu_heavy,100,ARM-like,PRR,2403.5553,2451.8750,2023.1219,0.9994,0.0207,0.9900,0.1067,11475.9386,1060.2000,53.0100
cpu_heavy,100,ARM-like,Proposed Hybrid,2771.0700,2819.3897,1238.9616,0.9994,0.0207,0.9760,0.0422,11475.9386,1002.8000,50.1400
light,5,ARM-like,Contextual Bandit RL,0.2626,6.4099,0.2626,0.5679,0.0924,0.0000,0.9532,29.1996,4.0000,0.2000
light,5,ARM-like,PRM,0.2626,6.4099,0.2626,0.5679,0.0924,0.0000,0.9532,29.1996,4.0000,0.2000
light,5,ARM-like,PRR,0.2626,6.4099,0.2626,0.5679,0.0924,0.0000,0.9532,29.1996,4.0000,0.2000
light,5,ARM-like,Proposed Hybrid,0.2626,6.4099,0.2626,0.5679,0.0924,0.0000,0.9532,29.1996,4.0000,0.2000
light,10,ARM-like,Contextual Bandit RL,0.2325,6.4354,0.2325,0.5605,0.0900,0.0200,0.9550,58.9268,9.0000,0.4500
light,10,ARM-like,PRM,0.2325,6.4354,0.2325,0.5605,0.0900,0.0200,0.9550,58.9268,9.0000,0.4500
light,10,ARM-like,PRR,0.2325,6.4354,0.2325,0.5605,0.0900,0.0200,0.9550,58.9268,9.0000,0.4500
light,10,ARM-like,Proposed Hybrid,0.2325,6.4354,0.2325,0.5605,0.0900,0.0200,0.9550,58.9268,9.0000,0.4500
light,20,ARM-like,Contextual Bandit RL,0.2047,6.3519,0.2047,0.5718,0.0929,0.0300,0.9594,116.7964,19.0000,0.9500
light,20,ARM-like,PRM,0.2047,6.3519,0.2047,0.5718,0.0929,0.0300,0.9594,116.7964,19.0000,0.9500
light,20,ARM-like,PRR,0.2047,6.3519,0.2047,0.5718,0.0929,0.0300,0.9594,116.7964,19.0000,0.9500
light,20,ARM-like,Proposed Hybrid,0.2047,6.3519,0.2047,0.5718,0.0929,0.0300,0.9594,116.7964,19.0000,0.9500
light,50,ARM-like,Contextual Bandit RL,0.3157,6.5965,0.2820,0.6079,0.0968,0.0360,0.9424,298.3402,49.4000,2.4700
light,50,ARM-like,PRM,0.3167,6.5975,0.2830,0.6079,0.0968,0.0360,0.9431,298.3402,49.2000,2.4600
light,50,ARM-like,PRR,0.3057,6.5866,0.2846,0.6079,0.0968,0.0280,0.9433,298.3402,49.2000,2.4600
light,50,ARM-like,Proposed Hybrid,0.3157,6.5965,0.2830,0.6079,0.0968,0.0360,0.9418,298.3402,49.4000,2.4700
light,100,ARM-like,Contextual Bandit RL,0.3320,6.4032,0.3151,0.5964,0.0983,0.0460,0.9385,576.7638,99.4000,4.9700
light,100,ARM-like,PRM,0.4031,6.4743,0.2911,0.5964,0.0983,0.0460,0.9390,576.7638,99.8000,4.9900
light,100,ARM-like,PRR,0.3480,6.4193,0.2957,0.5964,0.0983,0.0400,0.9395,576.7638,99.8000,4.9900
light,100,ARM-like,Proposed Hybrid,0.3414,6.4126,0.3153,0.5964,0.0983,0.0460,0.9375,576.7638,99.8000,4.9900
mixed,5,ARM-like,Contextual Bandit RL,17.7738,32.5809,10.5258,0.9257,0.0658,0.5200,0.5383,126.6002,7.4000,0.3700
mixed,5,ARM-like,PRM,21.5201,36.3272,16.6514,0.9257,0.0658,0.4800,0.4778,126.6002,5.0000,0.2500
mixed,5,ARM-like,PRR,17.8510,32.6580,15.1488,0.9257,0.0658,0.4800,0.4281,126.6002,5.8000,0.2900
mixed,5,ARM-like,Proposed Hybrid,17.6524,32.4594,11.7790,0.9257,0.0658,0.6000,0.6805,126.6002,7.0000,0.3500
mixed,10,ARM-like,Contextual Bandit RL,52.8439,70.8140,27.2437,0.9610,0.0565,0.7200,0.3158,307.2892,20.2000,1.0100
mixed,10,ARM-like,PRM,50.5743,68.5444,42.2084,0.9610,0.0565,0.6200,0.3054,307.2892,10.8000,0.5400
mixed,10,ARM-like,PRR,51.2011,69.1712,42.3496,0.9610,0.0565,0.6200,0.2979,307.2892,16.8000,0.8400
mixed,10,ARM-like,Proposed Hybrid,44.5378,62.5079,30.3611,0.9610,0.0565,0.7200,0.4951,307.2892,20.0000,1.0000
mixed,20,ARM-like,Contextual Bandit RL,127.3433,145.1338,50.9408,0.9799,0.0597,0.7800,0.1807,608.4338,55.2000,2.7600
mixed,20,ARM-like,PRM,105.7327,123.5232,93.9177,0.9799,0.0597,0.7100,0.2479,608.4338,23.0000,1.1500
mixed,20,ARM-like,PRR,108.5278,126.3182,89.4556,0.9799,0.0597,0.7700,0.2093,608.4338,49.0000,2.4500
mixed,20,ARM-like,Proposed Hybrid,101.4719,119.2624,62.8592,0.9799,0.0597,0.8400,0.2820,608.4338,52.2000,2.6100
mixed,50,ARM-like,Contextual Bandit RL,348.9046,366.9429,133.6581,0.9926,0.0566,0.8160,0.1630,1542.2792,158.8000,7.9400
mixed,50,ARM-like,PRM,284.6239,302.6623,268.6737,0.9926,0.0566,0.7800,0.1962,1542.2792,58.2000,2.9100
mixed,50,ARM-like,PRR,271.7648,289.8032,232.1919,0.9926,0.0566,0.8280,0.1911,1542.2792,154.8000,7.7400
mixed,50,ARM-like,Proposed Hybrid,296.5534,314.5918,181.9256,0.9926,0.0566,0.9040,0.1470,1542.2792,164.2000,8.2100
mixed,100,ARM-like,Contextual Bandit RL,648.6657,666.6949,297.8810,0.9964,0.0557,0.7920,0.1680,3082.9932,316.6000,15.8300
mixed,100,ARM-like,PRM,594.7645,612.7937,570.5126,0.9964,0.0557,0.8140,0.1730,3082.9932,117.2000,5.8600
mixed,100,ARM-like,PRR,546.0646,564.0938,479.1224,0.9964,0.0557,0.8520,0.1646,3082.9932,352.0000,17.6000
mixed,100,ARM-like,Proposed Hybrid,614.3980,632.4272,420.9646,0.9964,0.0557,0.9420,0.0808,3082.9932,343.4000,17.1700
normal,5,ARM-like,Contextual Bandit RL,32.5087,47.8786,7.1097,0.9389,0.0621,0.8000,0.6494,109.5104,12.4000,0.6200
normal,5,ARM-like,PRM,22.6273,37.9972,14.1817,0.9389,0.0621,0.5600,0.4380,109.5104,5.4000,0.2700
normal,5,ARM-like,PRR,24.2348,39.6047,11.9972,0.9389,0.0621,0.6000,0.5681,109.5104,8.2000,0.4100
normal,5,ARM-like,Proposed Hybrid,27.5247,42.8946,11.7294,0.9389,0.0621,0.7200,0.6078,109.5104,11.6000,0.5800
normal,10,ARM-like,Contextual Bandit RL,68.6312,84.1395,19.3242,0.9681,0.0627,0.8200,0.4159,220.9926,28.2000,1.4100
normal,10,ARM-like,PRM,49.0844,64.5927,37.1331,0.9681,0.0627,0.6000,0.3025,220.9926,11.8000,0.5900
normal,10,ARM-like,PRR,50.3242,65.8324,34.2489,0.9681,0.0627,0.7200,0.4016,220.9926,18.6000,0.9300
normal,10,ARM-like,Proposed Hybrid,58.1289,73.6371,28.1355,0.9681,0.0627,0.8000,0.3955,220.9926,25.6000,1.2800
normal,20,ARM-like,Contextual Bandit RL,146.1262,161.4955,41.4991,0.9836,0.0641,0.8800,0.1822,438.0250,60.2000,3.0100
normal,20,ARM-like,PRM,101.0509,116.4202,84.2443,0.9836,0.0641,0.7300,0.2277,438.0250,23.8000,1.1900
normal,20,ARM-like,PRR,104.5203,119.8896,78.1469,0.9836,0.0641,0.7600,0.2963,438.0250,50.8000,2.5400
normal,20,ARM-like,Proposed Hybrid,122.1732,137.5425,70.4255,0.9836,0.0641,0.8700,0.2888,438.0250,59.2000,2.9600
normal,50,ARM-like,Contextual Bandit RL,389.9503,405.6529,123.3742,0.9935,0.0633,0.8560,0.1370,1118.8128,156.2000,7.8100
normal,50,ARM-like,PRM,266.2334,281.9361,246.4340,0.9935,0.0633,0.8080,0.1717,1118.8128,58.8000,2.9400
normal,50,ARM-like,PRR,279.5440,295.2466,224.2160,0.9935,0.0633,0.8360,0.1776,1118.8128,159.4000,7.9700
normal,50,ARM-like,Proposed Hybrid,320.2197,335.9224,180.9617,0.9935,0.0633,0.8800,0.1592,1118.8128,156.6000,7.8300
normal,100,ARM-like,Contextual Bandit RL,715.8699,731.0487,275.8371,0.9966,0.0657,0.8440,0.1484,2162.9858,299.6000,14.9800
normal,100,ARM-like,PRM,513.8877,529.0665,493.6840,0.9966,0.0657,0.8360,0.1482,2162.9858,115.8000,5.7900
normal,100,ARM-like,PRR,544.3200,559.4989,449.7238,0.9966,0.0657,0.8680,0.1370,2162.9858,324.4000,16.2200
normal,100,ARM-like,Proposed Hybrid,616.2155,631.3943,386.7459,0.9966,0.0657,0.9120,0.0969,2162.9858,311.2000,15.5600
bursty,5,RISC-V-like,Contextual Bandit RL,77.3696,107.5931,16.6004,0.9686,0.0333,0.8400,0.6905,302.2350,21.8000,1.0900
bursty,5,RISC-V-like,PRM,48.7004,78.9239,34.5261,0.9686,0.0333,0.5200,0.3022,302.2350,5.2000,0.2600
bursty,5,RISC-V-like,PRR,49.2383,79.4617,26.4748,0.9686,0.0333,0.5600,0.4253,302.2350,10.8000,0.5400
bursty,5,RISC-V-like,Proposed Hybrid,57.0031,87.2265,15.8396,0.9686,0.0333,0.6400,0.6888,302.2350,20.2000,1.0100
bursty,10,RISC-V-like,Contextual Bandit RL,178.6725,209.3051,36.4588,0.9834,0.0324,0.9000,0.2577,612.6524,55.2000,2.7600
bursty,10,RISC-V-like,PRM,110.5390,141.1716,93.8351,0.9834,0.0324,0.6600,0.2115,612.6524,11.0000,0.5500
bursty,10,RISC-V-like,PRR,115.7451,146.3777,83.6432,0.9834,0.0324,0.7800,0.2728,612.6524,29.6000,1.4800
bursty,10,RISC-V-like,Proposed Hybrid,137.0088,167.6414,46.5084,0.9834,0.0324,0.8200,0.3823,612.6524,50.4000,2.5200
bursty,20,RISC-V-like,Contextual Bandit RL,357.3984,387.6195,79.0616,0.9914,0.0329,0.9500,0.1766,1208.8434,121.4000,6.0700
bursty,20,RISC-V-like,PRM,235.7496,265.9707,216.4746,0.9914,0.0329,0.7900,0.1500,1208.8434,22.6000,1.1300
bursty,20,RISC-V-like,PRR,246.9718,277.1929,189.4633,0.9914,0.0329,0.8300,0.2574,1208.8434,98.0000,4.9000
bursty,20,RISC-V-like,Proposed Hybrid,287.6734,317.8945,120.0583,0.9914,0.0329,0.9000,0.2370,1208.8434,112.4000,5.6200
bursty,50,RISC-V-like,Contextual Bandit RL,969.3814,1000.5888,242.2515,0.9966,0.0320,0.9200,0.0971,3120.7434,327.4000,16.3700
bursty,50,RISC-V-like,PRM,642.9450,674.1525,616.3853,0.9966,0.0320,0.8560,0.1052,3120.7434,57.8000,2.8900
bursty,50,RISC-V-like,PRR,669.2480,700.4554,546.0259,0.9966,0.0320,0.9160,0.1124,3120.7434,340.6000,17.0300
bursty,50,RISC-V-like,Proposed Hybrid,761.5879,792.7954,337.7217,0.9966,0.0320,0.9360,0.1100,3120.7434,326.0000,16.3000
bursty,100,RISC-V-like,Contextual Bandit RL,1742.0953,1771.7541,527.6567,0.9982,0.0337,0.9040,0.0800,5931.7654,630.2000,31.5100
bursty,100,RISC-V-like,PRM,1239.4426,1269.1013,1214.2806,0.9982,0.0337,0.9020,0.0779,5931.7654,114.2000,5.7100
bursty,100,RISC-V-like,PRR,1280.3039,1309.9627,1085.5765,0.9982,0.0337,0.9360,0.0657,5931.7654,688.6000,34.4300
bursty,100,RISC-V-like,Proposed Hybrid,1439.4093,1469.0682,780.0778,0.9982,0.0337,0.9560,0.0541,5931.7654,644.0000,32.2000
cpu_heavy,5,RISC-V-like,Contextual Bandit RL,122.6655,167.7794,25.9773,0.9868,0.0221,0.8800,0.6312,563.9238,31.4000,1.5700
cpu_heavy,5,RISC-V-like,PRM,82.7259,127.8398,62.7320,0.9868,0.0221,0.6000,0.2523,563.9238,5.0000,0.2500
cpu_heavy,5,RISC-V-like,PRR,84.6738,129.7877,50.4347,0.9868,0.0221,0.6800,0.3472,563.9238,15.2000,0.7600
cpu_heavy,5,RISC-V-like,Proposed Hybrid,107.4755,152.5894,24.7107,0.9868,0.0221,0.8000,0.6306,563.9238,30.2000,1.5100
cpu_heavy,10,RISC-V-like,Contextual Bandit RL,290.1021,335.5571,63.9431,0.9933,0.0219,0.9000,0.3176,1136.3752,84.2000,4.2100
cpu_heavy,10,RISC-V-like,PRM,187.3840,232.8390,166.2471,0.9933,0.0219,0.8000,0.1382,1136.3752,10.2000,0.5100
cpu_heavy,10,RISC-V-like,PRR,198.4090,243.8640,154.2736,0.9933,0.0219,0.8400,0.2308,1136.3752,52.6000,2.6300
cpu_heavy,10,RISC-V-like,Proposed Hybrid,256.9662,302.4212,69.1640,0.9933,0.0219,0.8800,0.2956,1136.3752,81.4000,4.0700
cpu_heavy,20,RISC-V-like,Contextual Bandit RL,649.9852,695.0967,134.9781,0.9966,0.0221,0.9500,0.1337,2255.5762,186.8000,9.3400
cpu_heavy,20,RISC-V-like,PRM,400.9538,446.0653,375.2458,0.9966,0.0221,0.8900,0.0902,2255.5762,21.4000,1.0700
cpu_heavy,20,RISC-V-like,PRR,425.6879,470.7994,342.2072,0.9966,0.0221,0.9200,0.2548,2255.5762,163.8000,8.1900
cpu_heavy,20,RISC-V-like,Proposed Hybrid,570.1378,615.2493,142.0097,0.9966,0.0221,0.9500,0.1852,2255.5762,188.8000,9.4400
cpu_heavy,50,RISC-V-like,Contextual Bandit RL,1758.4826,1804.4162,408.5182,0.9986,0.0218,0.9520,0.0534,5741.6956,492.8000,24.6400
cpu_heavy,50,RISC-V-like,PRM,1060.3135,1106.2471,1028.5904,0.9986,0.0218,0.9440,0.0441,5741.6956,60.0000,3.0000
cpu_heavy,50,RISC-V-like,PRR,1124.6770,1170.6106,931.5031,0.9986,0.0218,0.9720,0.1278,5741.6956,524.0000,26.2000
cpu_heavy,50,RISC-V-like,Proposed Hybrid,1347.1621,1393.0957,458.7372,0.9986,0.0218,0.9600,0.1037,5741.6956,503.4000,25.1700
cpu_heavy,100,RISC-V-like,Contextual Bandit RL,3495.5730,3540.2162,895.5140,0.9993,0.0224,0.9580,0.0419,11160.8100,983.2000,49.1600
cpu_heavy,100,RISC-V-like,PRM,2083.0484,2127.6917,2052.0254,0.9993,0.0224,0.9640,0.0351,11160.8100,116.0000,5.8000
cpu_heavy,100,RISC-V-like,PRR,2208.8484,2253.4917,1856.9860,0.9993,0.0224,0.9880,0.0927,11160.8100,1058.4000,52.9200
cpu_heavy,100,RISC-V-like,Proposed Hybrid,2550.6180,2595.2613,1136.9381,0.9993,0.0224,0.9760,0.0425,11160.8100,997.2000,49.8600
light,5,RISC-V-like,Contextual Bandit RL,0.1460,5.8255,0.1460,0.5316,0.0935,0.0000,0.9699,28.3978,4.0000,0.2000
light,5,RISC-V-like,PRM,0.1460,5.8255,0.1460,0.5316,0.0935,0.0000,0.9699,28.3978,4.0000,0.2000
light,5,RISC-V-like,PRR,0.1460,5.8255,0.1460,0.5316,0.0935,0.0000,0.9699,28.3978,4.0000,0.2000
light,5,RISC-V-like,Proposed Hybrid,0.1460,5.8255,0.1460,0.5316,0.0935,0.0000,0.9699,28.3978,4.0000,0.2000
light,10,RISC-V-like,Contextual Bandit RL,0.1287,5.8596,0.1287,0.5200,0.0904,0.0000,0.9737,57.3088,9.0000,0.4500
light,10,RISC-V-like,PRM,0.1287,5.8596,0.1287,0.5200,0.0904,0.0000,0.9737,57.3088,9.0000,0.4500
light,10,RISC-V-like,PRR,0.1287,5.8596,0.1287,0.5200,0.0904,0.0000,0.9737,57.3088,9.0000,0.4500
light,10,RISC-V-like,Proposed Hybrid,0.1287,5.8596,0.1287,0.5200,0.0904,0.0000,0.9737,57.3088,9.0000,0.4500
light,20,RISC-V-like,Contextual Bandit RL,0.1200,5.7995,0.1200,0.5298,0.0932,0.0100,0.9755,113.5890,19.0000,0.9500
light,20,RISC-V-like,PRM,0.1200,5.7995,0.1200,0.5298,0.0932,0.0100,0.9755,113.5890,19.0000,0.9500
light,20,RISC-V-like,PRR,0.1200,5.7995,0.1200,0.5298,0.0932,0.0100,0.9755,113.5890,19.0000,0.9500
light,20,RISC-V-like,Proposed Hybrid,0.1200,5.7995,0.1200,0.5298,0.0932,0.0100,0.9755,113.5890,19.0000,0.9500
light,50,RISC-V-like,Contextual Bandit RL,0.1800,5.9830,0.1800,0.5626,0.0970,0.0200,0.9631,290.1478,49.0000,2.4500
light,50,RISC-V-like,PRM,0.1983,6.0013,0.1672,0.5626,0.0970,0.0240,0.9635,290.1478,49.2000,2.4600
light,50,RISC-V-like,PRR,0.1800,5.9830,0.1800,0.5626,0.0970,0.0200,0.9631,290.1478,49.0000,2.4500
light,50,RISC-V-like,Proposed Hybrid,0.1974,6.0004,0.1672,0.5626,0.0970,0.0200,0.9615,290.1478,49.4000,2.4700
light,100,RISC-V-like,Contextual Bandit RL,0.1849,5.7941,0.1849,0.5513,0.0983,0.0160,0.9617,560.9260,99.0000,4.9500
light,100,RISC-V-like,PRM,0.2394,5.8487,0.1624,0.5513,0.0983,0.0220,0.9626,560.9260,99.6000,4.9800
light,100,RISC-V-like,PRR,0.1905,5.7997,0.1821,0.5513,0.0983,0.0180,0.9617,560.9260,99.2000,4.9600
light,100,RISC-V-like,Proposed Hybrid,0.1936,5.8028,0.1785,0.5513,0.0983,0.0160,0.9609,560.9260,99.4000,4.9700
mixed,5,RISC-V-like,Contextual Bandit RL,15.2722,28.9526,9.5104,0.9197,0.0708,0.4400,0.5737,123.1238,7.0000,0.3500
mixed,5,RISC-V-like,PRM,19.4887,33.1691,14.9904,0.9197,0.0708,0.5200,0.4469,123.1238,5.0000,0.2500
mixed,5,RISC-V-like,PRR,16.2726,29.9530,13.7761,0.9197,0.0708,0.5200,0.4712,123.1238,5.8000,0.2900
mixed,5,RISC-V-like,Proposed Hybrid,14.9083,28.5887,10.8052,0.9197,0.0708,0.5200,0.6497,123.1238,6.4000,0.3200
mixed,10,RISC-V-like,Contextual Bandit RL,49.8185,66.4214,23.0883,0.9578,0.0609,0.7600,0.4486,298.8508,20.4000,1.0200
mixed,10,RISC-V-like,PRM,44.7112,61.3140,37.8390,0.9578,0.0609,0.6200,0.2928,298.8508,10.8000,0.5400
mixed,10,RISC-V-like,PRR,46.5424,63.1453,36.4557,0.9578,0.0609,0.6200,0.3171,298.8508,17.2000,0.8600
mixed,10,RISC-V-like,Proposed Hybrid,36.6170,53.2199,27.0431,0.9578,0.0609,0.6600,0.4616,298.8508,18.0000,0.9000
mixed,20,RISC-V-like,Contextual Bandit RL,127.6658,144.1027,51.4633,0.9782,0.0645,0.8100,0.2361,591.7264,56.6000,2.8300
mixed,20,RISC-V-like,PRM,92.9477,109.3845,83.4538,0.9782,0.0645,0.6900,0.2616,591.7264,22.8000,1.1400
mixed,20,RISC-V-like,PRR,96.6886,113.1254,76.4603,0.9782,0.0645,0.7600,0.2397,591.7264,47.8000,2.3900
mixed,20,RISC-V-like,Proposed Hybrid,91.4670,107.9039,56.8264,0.9782,0.0645,0.7800,0.2754,591.7264,48.2000,2.4100
mixed,50,RISC-V-like,Contextual Bandit RL,326.9374,343.6033,113.9580,0.9919,0.0612,0.8240,0.1568,1499.9284,158.4000,7.9200
mixed,50,RISC-V-like,PRM,251.9005,268.5664,239.0334,0.9919,0.0612,0.7560,0.2127,1499.9284,58.8000,2.9400
mixed,50,RISC-V-like,PRR,241.5471,258.2130,203.4600,0.9919,0.0612,0.7920,0.2139,1499.9284,151.6000,7.5800
mixed,50,RISC-V-like,Proposed Hybrid,251.3561,268.0219,158.6505,0.9919,0.0612,0.8520,0.1768,1499.9284,160.0000,8.0000
mixed,100,RISC-V-like,Contextual Bandit RL,615.5793,632.2368,273.4417,0.9961,0.0602,0.8120,0.1514,2998.3344,316.8000,15.8400
mixed,100,RISC-V-like,PRM,528.2968,544.9542,509.6261,0.9961,0.0602,0.7840,0.1903,2998.3344,118.4000,5.9200
mixed,100,RISC-V-like,PRR,482.5228,499.1802,422.2916,0.9961,0.0602,0.8140,0.1850,2998.3344,344.4000,17.2200
mixed,100,RISC-V-like,Proposed Hybrid,548.3105,564.9679,368.0985,0.9961,0.0602,0.9120,0.0989,2998.3344,334.0000,16.7000
normal,5,RISC-V-like,Contextual Bandit RL,26.6294,40.8299,6.7629,0.9342,0.0669,0.7200,0.6048,106.5030,11.8000,0.5900
normal,5,RISC-V-like,PRM,21.0099,35.2103,14.8169,0.9342,0.0669,0.4400,0.4576,106.5030,5.2000,0.2600
normal,5,RISC-V-like,PRR,22.5390,36.7395,12.2364,0.9342,0.0669,0.5600,0.4982,106.5030,8.0000,0.4000
normal,5,RISC-V-like,Proposed Hybrid,24.7443,38.9447,12.0090,0.9342,0.0669,0.6800,0.6193,106.5030,10.4000,0.5200
normal,10,RISC-V-like,Contextual Bandit RL,61.2855,75.6137,15.2142,0.9656,0.0677,0.7800,0.4101,214.9240,28.0000,1.4000
normal,10,RISC-V-like,PRM,44.2446,58.5729,35.2720,0.9656,0.0677,0.6000,0.3538,214.9240,11.6000,0.5800
normal,10,RISC-V-like,PRR,45.8663,60.1946,33.0431,0.9656,0.0677,0.7000,0.3710,214.9240,18.2000,0.9100
normal,10,RISC-V-like,Proposed Hybrid,50.6096,64.9379,27.0350,0.9656,0.0677,0.8000,0.4006,214.9240,25.2000,1.2600
normal,20,RISC-V-like,Contextual Bandit RL,137.2284,151.4283,30.8566,0.9822,0.0693,0.8700,0.1340,425.9966,59.8000,2.9900
normal,20,RISC-V-like,PRM,89.6546,103.8545,77.1659,0.9822,0.0693,0.6900,0.2492,425.9966,23.4000,1.1700
normal,20,RISC-V-like,PRR,94.0690,108.2690,72.4640,0.9822,0.0693,0.7300,0.2903,425.9966,49.4000,2.4700
normal,20,RISC-V-like,Proposed Hybrid,110.2183,124.4182,57.8939,0.9822,0.0693,0.8600,0.2091,425.9966,57.4000,2.8700
normal,50,RISC-V-like,Contextual Bandit RL,340.6091,355.1169,106.9470,0.9930,0.0685,0.8440,0.1350,1088.0902,156.2000,7.8100
normal,50,RISC-V-like,PRM,236.5027,251.0106,221.1066,0.9930,0.0685,0.7800,0.1840,1088.0902,58.8000,2.9400
normal,50,RISC-V-like,PRR,249.0962,263.6040,201.3162,0.9930,0.0685,0.8160,0.1913,1088.0902,156.8000,7.8400
normal,50,RISC-V-like,Proposed Hybrid,281.1265,295.6343,158.2956,0.9930,0.0685,0.8760,0.1219,1088.0902,154.4000,7.7200
normal,100,RISC-V-like,Contextual Bandit RL,631.5153,645.5392,251.2715,0.9964,0.0711,0.8120,0.1502,2103.5900,295.2000,14.7600
normal,100,RISC-V-like,PRM,457.4312,471.4551,440.5198,0.9964,0.0711,0.8040,0.1645,2103.5900,117.2000,5.8600
normal,100,RISC-V-like,PRR,483.1920,497.2159,400.8576,0.9964,0.0711,0.8380,0.1609,2103.5900,319.4000,15.9700
normal,100,RISC-V-like,Proposed Hybrid,539.3045,553.3284,339.0812,0.9964,0.0711,0.8980,0.0895,2103.5900,303.6000,15.1800
bursty,5,x86-like,Contextual Bandit RL,67.0572,94.8628,15.1416,0.9660,0.0361,0.7600,0.7362,278.0560,20.2000,1.0100
bursty,5,x86-like,PRM,44.6368,72.4424,34.6576,0.9660,0.0361,0.4800,0.3248,278.0560,5.0000,0.2500
bursty,5,x86-like,PRR,45.4432,73.2488,26.8268,0.9660,0.0361,0.5600,0.4309,278.0560,10.8000,0.5400
bursty,5,x86-like,Proposed Hybrid,51.6628,79.4684,18.3784,0.9660,0.0361,0.6000,0.6346,278.0560,19.0000,0.9500
bursty,10,x86-like,Contextual Bandit RL,151.7092,179.8912,29.6372,0.9820,0.0352,0.8600,0.2645,563.6400,53.6000,2.6800
bursty,10,x86-like,PRM,100.2628,128.4448,88.1298,0.9820,0.0352,0.6400,0.2307,563.6400,10.6000,0.5300
bursty,10,x86-like,PRR,104.1938,132.3758,80.3856,0.9820,0.0352,0.7400,0.3010,563.6400,29.2000,1.4600
bursty,10,x86-like,Proposed Hybrid,122.2208,150.4028,46.9026,0.9820,0.0352,0.8000,0.3498,563.6400,47.2000,2.3600
bursty,20,x86-like,Contextual Bandit RL,311.3467,339.1501,69.4903,0.9906,0.0357,0.9000,0.1608,1112.1360,118.8000,5.9400
bursty,20,x86-like,PRM,213.7519,241.5553,198.8742,0.9906,0.0357,0.7800,0.1830,1112.1360,22.4000,1.1200
bursty,20,x86-like,PRR,221.6421,249.4455,177.1112,0.9906,0.0357,0.7900,0.2492,1112.1360,96.4000,4.8200
bursty,20,x86-like,Proposed Hybrid,260.0324,287.8358,100.7897,0.9906,0.0357,0.8900,0.2326,1112.1360,114.6000,5.7300
bursty,50,x86-like,Contextual Bandit RL,834.1906,862.9014,227.6072,0.9963,0.0348,0.8840,0.1054,2871.0840,320.0000,16.0000
bursty,50,x86-like,PRM,583.3727,612.0836,559.4489,0.9963,0.0348,0.8400,0.1120,2871.0840,57.8000,2.8900
bursty,50,x86-like,PRR,604.2774,632.9883,500.3026,0.9963,0.0348,0.9000,0.1144,2871.0840,336.4000,16.8200
bursty,50,x86-like,Proposed Hybrid,668.4888,697.1997,289.8254,0.9963,0.0348,0.9240,0.1204,2871.0840,325.6000,16.2800
bursty,100,x86-like,Contextual Bandit RL,1509.9354,1537.2215,509.4898,0.9981,0.0366,0.8800,0.0874,5457.2240,613.6000,30.6800
bursty,100,x86-like,PRM,1122.4749,1149.7610,1099.2603,0.9981,0.0366,0.8880,0.0799,5457.2240,114.0000,5.7000
bursty,100,x86-like,PRR,1156.6318,1183.9179,986.4974,0.9981,0.0366,0.9220,0.0685,5457.2240,681.0000,34.0500
bursty,100,x86-like,Proposed Hybrid,1317.4863,1344.7724,700.2933,0.9981,0.0366,0.9560,0.0593,5457.2240,630.6000,31.5300
cpu_heavy,5,x86-like,Contextual Bandit RL,110.4836,151.9884,22.1312,0.9857,0.0240,0.8400,0.7214,518.8100,30.4000,1.5200
cpu_heavy,5,x86-like,PRM,75.6248,117.1296,57.2304,0.9857,0.0240,0.5200,0.2486,518.8100,5.0000,0.2500
cpu_heavy,5,x86-like,PRR,77.3972,118.9020,47.3452,0.9857,0.0240,0.6400,0.3351,518.8100,15.0000,0.7500
cpu_heavy,5,x86-like,Proposed Hybrid,97.6120,139.1168,23.8016,0.9857,0.0240,0.7600,0.6086,518.8100,28.6000,1.4300
cpu_heavy,10,x86-like,Contextual Bandit RL,250.1364,291.9550,68.0810,0.9927,0.0238,0.8600,0.3274,1045.4650,80.8000,4.0400
cpu_heavy,10,x86-like,PRM,171.2648,213.0834,151.8188,0.9927,0.0238,0.7400,0.1328,1045.4650,10.2000,0.5100
cpu_heavy,10,x86-like,PRR,181.3980,223.2166,141.5174,0.9927,0.0238,0.8400,0.2274,1045.4650,52.4000,2.6200
cpu_heavy,10,x86-like,Proposed Hybrid,232.8154,274.6340,64.1360,0.9927,0.0238,0.8600,0.3056,1045.4650,79.6000,3.9800
cpu_heavy,20,x86-like,Contextual Bandit RL,593.9288,635.4314,118.9014,0.9963,0.0240,0.9500,0.1367,2075.1300,184.6000,9.2300
cpu_heavy,20,x86-like,PRM,366.7374,408.2400,343.0861,0.9963,0.0240,0.8800,0.0849,2075.1300,21.4000,1.0700
cpu_heavy,20,x86-like,PRR,389.1279,430.6305,313.0077,0.9963,0.0240,0.9100,0.2441,2075.1300,163.2000,8.1600
cpu_heavy,20,x86-like,Proposed Hybrid,521.7142,563.2168,123.9908,0.9963,0.0240,0.9300,0.2082,2075.1300,185.0000,9.2500
cpu_heavy,50,x86-like,Contextual Bandit RL,1620.4632,1662.7220,337.6210,0.9986,0.0236,0.9520,0.0571,5282.3600,498.0000,24.9000
cpu_heavy,50,x86-like,PRM,969.9834,1012.2423,940.7981,0.9986,0.0236,0.9360,0.0476,5282.3600,60.0000,3.0000
cpu_heavy,50,x86-like,PRR,1028.2257,1070.4846,851.1499,0.9986,0.0236,0.9640,0.1240,5282.3600,522.6000,26.1300
cpu_heavy,50,x86-like,Proposed Hybrid,1246.2026,1288.4615,384.6392,0.9986,0.0236,0.9560,0.1100,5282.3600,503.8000,25.1900
cpu_heavy,100,x86-like,Contextual Bandit RL,3187.4155,3228.4873,765.3520,0.9993,0.0243,0.9480,0.0514,10267.9450,971.6000,48.5800
cpu_heavy,100,x86-like,PRM,1904.1989,1945.2707,1876.4524,0.9993,0.0243,0.9580,0.0341,10267.9450,115.6000,5.7800
cpu_heavy,100,x86-like,PRR,2019.4811,2060.5529,1695.9177,0.9993,0.0243,0.9840,0.0885,10267.9450,1057.0000,52.8500
cpu_heavy,100,x86-like,Proposed Hybrid,2299.7186,2340.7904,1082.9148,0.9993,0.0243,0.9700,0.0503,10267.9450,991.0000,49.5500
light,5,x86-like,Contextual Bandit RL,0.0748,5.3000,0.0748,0.4922,0.0941,0.0000,0.9846,26.1260,4.0000,0.2000
light,5,x86-like,PRM,0.0748,5.3000,0.0748,0.4922,0.0941,0.0000,0.9846,26.1260,4.0000,0.2000
light,5,x86-like,PRR,0.0748,5.3000,0.0748,0.4922,0.0941,0.0000,0.9846,26.1260,4.0000,0.2000
light,5,x86-like,Proposed Hybrid,0.0748,5.3000,0.0748,0.4922,0.0941,0.0000,0.9846,26.1260,4.0000,0.2000
light,10,x86-like,Contextual Bandit RL,0.0626,5.3350,0.0626,0.4804,0.0908,0.0000,0.9863,52.7240,9.0000,0.4500
light,10,x86-like,PRM,0.0626,5.3350,0.0626,0.4804,0.0908,0.0000,0.9863,52.7240,9.0000,0.4500
light,10,x86-like,PRR,0.0626,5.3350,0.0626,0.4804,0.0908,0.0000,0.9863,52.7240,9.0000,0.4500
light,10,x86-like,Proposed Hybrid,0.0626,5.3350,0.0626,0.4804,0.0908,0.0000,0.9863,52.7240,9.0000,0.4500
light,20,x86-like,Contextual Bandit RL,0.0647,5.2898,0.0647,0.4887,0.0935,0.0100,0.9858,104.5020,19.0000,0.9500
light,20,x86-like,PRM,0.0647,5.2898,0.0647,0.4887,0.0935,0.0100,0.9858,104.5020,19.0000,0.9500
light,20,x86-like,PRR,0.0647,5.2898,0.0647,0.4887,0.0935,0.0100,0.9858,104.5020,19.0000,0.9500
light,20,x86-like,Proposed Hybrid,0.0647,5.2898,0.0647,0.4887,0.0935,0.0100,0.9858,104.5020,19.0000,0.9500
light,50,x86-like,Contextual Bandit RL,0.0977,5.4364,0.0977,0.5182,0.0971,0.0040,0.9783,266.9360,49.0000,2.4500
light,50,x86-like,PRM,0.0977,5.4364,0.0977,0.5182,0.0971,0.0040,0.9783,266.9360,49.0000,2.4500
light,50,x86-like,PRR,0.0977,5.4364,0.0977,0.5182,0.0971,0.0040,0.9783,266.9360,49.0000,2.4500
light,50,x86-like,Proposed Hybrid,0.0977,5.4364,0.0977,0.5182,0.0971,0.0040,0.9783,266.9360,49.0000,2.4500
light,100,x86-like,Contextual Bandit RL,0.0953,5.2558,0.0953,0.5074,0.0984,0.0040,0.9786,516.0520,99.0000,4.9500
light,100,x86-like,PRM,0.0953,5.2558,0.0953,0.5074,0.0984,0.0040,0.9786,516.0520,99.0000,4.9500
light,100,x86-like,PRR,0.1004,5.2609,0.0928,0.5074,0.0984,0.0040,0.9788,516.0520,99.2000,4.9600
light,100,x86-like,Proposed Hybrid,0.0953,5.2558,0.0953,0.5074,0.0984,0.0040,0.9786,516.0520,99.0000,4.9500
mixed,5,x86-like,Contextual Bandit RL,13.9108,26.4968,8.2008,0.9119,0.0763,0.4000,0.6139,113.2740,7.4000,0.3700
mixed,5,x86-like,PRM,15.7964,28.3824,13.1668,0.9119,0.0763,0.4400,0.4802,113.2740,4.8000,0.2400
mixed,5,x86-like,PRR,12.4252,25.0112,10.7300,0.9119,0.0763,0.3200,0.5046,113.2740,5.6000,0.2800
mixed,5,x86-like,Proposed Hybrid,10.4532,23.0392,7.1972,0.9119,0.0763,0.4400,0.5552,113.2740,5.8000,0.2900
mixed,10,x86-like,Contextual Bandit RL,39.8114,55.0860,18.6366,0.9536,0.0659,0.6000,0.3545,274.9428,18.0000,0.9000
mixed,10,x86-like,PRM,38.0264,53.3010,33.2642,0.9536,0.0659,0.5600,0.3558,274.9428,10.4000,0.5200
mixed,10,x86-like,PRR,38.9156,54.1902,30.4156,0.9536,0.0659,0.4800,0.3451,274.9428,16.8000,0.8400
mixed,10,x86-like,Proposed Hybrid,30.9338,46.2084,21.9942,0.9536,0.0659,0.6000,0.3977,274.9428,16.8000,0.8400
mixed,20,x86-like,Contextual Bandit RL,91.1856,106.3075,33.6287,0.9760,0.0700,0.6800,0.2948,544.3884,52.4000,2.6200
mixed,20,x86-like,PRM,78.6491,93.7710,72.5061,0.9760,0.0700,0.6200,0.3259,544.3884,22.4000,1.1200
mixed,20,x86-like,PRR,83.6885,98.8104,65.6289,0.9760,0.0700,0.6900,0.2602,544.3884,47.2000,2.3600
mixed,20,x86-like,Proposed Hybrid,77.1035,92.2254,49.8567,0.9760,0.0700,0.7600,0.2842,544.3884,48.4000,2.4200
mixed,50,x86-like,Contextual Bandit RL,269.0593,284.3919,109.3317,0.9910,0.0665,0.7680,0.2165,1379.9340,148.0000,7.4000
mixed,50,x86-like,PRM,216.5847,231.9173,207.4982,0.9910,0.0665,0.7080,0.2553,1379.9340,59.8000,2.9900
mixed,50,x86-like,PRR,210.1159,225.4485,175.8184,0.9910,0.0665,0.7440,0.2264,1379.9340,149.8000,7.4900
mixed,50,x86-like,Proposed Hybrid,220.8980,236.2306,139.8490,0.9910,0.0665,0.8320,0.1701,1379.9340,150.0000,7.5000
mixed,100,x86-like,Contextual Bandit RL,502.3629,517.6877,234.7428,0.9957,0.0654,0.7460,0.2208,2758.4676,309.0000,15.4500
mixed,100,x86-like,PRM,455.5932,470.9181,443.8401,0.9957,0.0654,0.7520,0.2207,2758.4676,119.0000,5.9500
mixed,100,x86-like,PRR,418.9937,434.3185,363.9694,0.9957,0.0654,0.7720,0.1999,2758.4676,341.6000,17.0800
mixed,100,x86-like,Proposed Hybrid,470.2018,485.5266,332.5966,0.9957,0.0654,0.8920,0.0928,2758.4676,322.4000,16.1200
normal,5,x86-like,Contextual Bandit RL,24.5216,37.5860,6.7600,0.9289,0.0723,0.7600,0.5920,97.9830,12.2000,0.6100
normal,5,x86-like,PRM,18.6844,31.7488,12.9868,0.9289,0.0723,0.4800,0.4810,97.9830,5.2000,0.2600
normal,5,x86-like,PRR,20.2512,33.3156,11.0928,0.9289,0.0723,0.5200,0.4445,97.9830,7.6000,0.3800
normal,5,x86-like,Proposed Hybrid,21.4764,34.5408,10.0796,0.9289,0.0723,0.6400,0.5464,97.9830,10.2000,0.5100
normal,10,x86-like,Contextual Bandit RL,53.5320,66.7140,15.1472,0.9628,0.0733,0.8000,0.4695,197.7300,25.8000,1.2900
normal,10,x86-like,PRM,38.4846,51.6666,30.8414,0.9628,0.0733,0.6000,0.3821,197.7300,11.6000,0.5800
normal,10,x86-like,PRR,40.0882,53.2702,29.2376,0.9628,0.0733,0.6200,0.3371,197.7300,17.2000,0.8600
normal,10,x86-like,Proposed Hybrid,44.2126,57.3946,25.8464,0.9628,0.0733,0.7400,0.3054,197.7300,23.2000,1.1600
normal,20,x86-like,Contextual Bandit RL,112.3111,125.3750,32.5021,0.9807,0.0752,0.8100,0.1846,391.9170,57.0000,2.8500
normal,20,x86-like,PRM,78.6397,91.7036,67.0764,0.9807,0.0752,0.6800,0.2776,391.9170,24.0000,1.2000
normal,20,x86-like,PRR,82.2159,95.2798,63.4731,0.9807,0.0752,0.6900,0.2440,391.9170,46.8000,2.3400
normal,20,x86-like,Proposed Hybrid,91.1506,104.2145,54.5259,0.9807,0.0752,0.8100,0.2080,391.9170,53.8000,2.6900
normal,50,x86-like,Contextual Bandit RL,301.3934,314.7406,94.3878,0.9924,0.0744,0.8160,0.1459,1001.0430,151.2000,7.5600
normal,50,x86-like,PRM,207.5710,220.9182,192.4754,0.9924,0.0744,0.7600,0.2104,1001.0430,58.6000,2.9300
normal,50,x86-like,PRR,219.5464,232.8936,174.9763,0.9924,0.0744,0.7680,0.1870,1001.0430,153.2000,7.6600
normal,50,x86-like,Proposed Hybrid,240.5967,253.9439,143.9879,0.9924,0.0744,0.8440,0.1462,1001.0430,149.4000,7.4700
normal,100,x86-like,Contextual Bandit RL,537.4131,550.3151,223.0604,0.9960,0.0772,0.7760,0.1719,1935.3030,283.0000,14.1500
normal,100,x86-like,PRM,400.8776,413.7796,384.7664,0.9960,0.0772,0.7720,0.1887,1935.3030,118.0000,5.9000
normal,100,x86-like,PRR,425.8325,438.7345,349.2568,0.9960,0.0772,0.8100,0.1583,1935.3030,314.8000,15.7400
normal,100,x86-like,Proposed Hybrid,476.3052,489.2072,299.4203,0.9960,0.0772,0.9020,0.0917,1935.3030,297.0000,14.8500
