scheduler,num_vms,avg_waiting_time,avg_turnaround_time,avg_response_time,cpu_utilization,throughput,deadline_misses,deadline_miss_rate,fairness_jain_index,estimated_energy,context_switches,estimated_scheduling_overhead,total_time,workload_type,seed
PRR,5,0.374,6.27,0.374,0.6815,0.11558,0,0.0,0.9232,29.48,4,0.2,43.26,light,1
PRM,5,0.374,6.27,0.374,0.6815,0.11558,0,0.0,0.9232,29.48,4,0.2,43.26,light,1
Contextual Bandit RL,5,0.374,6.27,0.374,0.6815,0.11558,0,0.0,0.9232,29.48,4,0.2,43.26,light,1
Proposed Hybrid,5,0.374,6.27,0.374,0.6815,0.11558,0,0.0,0.9232,29.48,4,0.2,43.26,light,1
PRR,5,-0.0,4.242,0.0,0.4022,0.0948,0,0.0,1.0,21.21,4,0.2,52.74,light,2
PRM,5,-0.0,4.242,0.0,0.4022,0.0948,0,0.0,1.0,21.21,4,0.2,52.74,light,2
Contextual Bandit RL,5,-0.0,4.242,0.0,0.4022,0.0948,0,0.0,1.0,21.21,4,0.2,52.74,light,2
Proposed Hybrid,5,-0.0,4.242,0.0,0.4022,0.0948,0,0.0,1.0,21.21,4,0.2,52.74,light,2
PRR,5,0.0,4.828,0.0,0.4884,0.10115,0,0.0,1.0,24.14,4,0.2,49.43,light,3
PRM,5,0.0,4.828,0.0,0.4884,0.10115,0,0.0,1.0,24.14,4,0.2,49.43,light,3
Contextual Bandit RL,5,0.0,4.828,0.0,0.4884,0.10115,0,0.0,1.0,24.14,4,0.2,49.43,light,3
Proposed Hybrid,5,0.0,4.828,0.0,0.4884,0.10115,0,0.0,1.0,24.14,4,0.2,49.43,light,3
PRR,5,0.0,5.832,0.0,0.4788,0.0821,0,0.0,1.0,29.16,4,0.2,60.9,light,4
PRM,5,0.0,5.832,0.0,0.4788,0.0821,0,0.0,1.0,29.16,4,0.2,60.9,light,4
Contextual Bandit RL,5,0.0,5.832,0.0,0.4788,0.0821,0,0.0,1.0,29.16,4,0.2,60.9,light,4
Proposed Hybrid,5,0.0,5.832,0.0,0.4788,0.0821,0,0.0,1.0,29.16,4,0.2,60.9,light,4
PRR,5,0.0,5.328,0.0,0.41,0.07695,0,0.0,1.0,26.64,4,0.2,64.98,light,5
PRM,5,0.0,5.328,0.0,0.41,0.07695,0,0.0,1.0,26.64,4,0.2,64.98,light,5
Contextual Bandit RL,5,0.0,5.328,0.0,0.41,0.07695,0,0.0,1.0,26.64,4,0.2,64.98,light,5
Proposed Hybrid,5,0.0,5.328,0.0,0.41,0.07695,0,0.0,1.0,26.64,4,0.2,64.98,light,5
PRR,5,30.234,44.976,18.078,0.9356,0.06347,4,0.8,0.3331,110.565,9,0.45,78.78,normal,1
PRM,5,25.696,40.438,10.66,0.9356,0.06347,3,0.6,0.3859,110.565,6,0.3,78.78,normal,1
Contextual Bandit RL,5,39.796,54.538,6.494,0.9356,0.06347,5,1.0,0.8961,110.565,15,0.75,78.78,normal,1
Proposed Hybrid,5,35.302,50.044,20.27,0.9356,0.06347,4,0.8,0.8416,110.565,12,0.6,78.78,normal,1
PRR,5,8.806,19.414,5.68,0.9369,0.08832,1,0.2,0.4658,79.56,6,0.3,56.61,normal,2
PRM,5,9.13,19.738,7.566,0.9369,0.08832,1,0.2,0.6517,79.56,5,0.25,56.61,normal,2
Contextual Bandit RL,5,10.738,21.346,3.326,0.9369,0.08832,3,0.6,0.485,79.56,11,0.55,56.61,normal,2
Proposed Hybrid,5,9.606,20.214,6.48,0.9369,0.08832,1,0.2,0.6402,79.56,6,0.3,56.61,normal,2
PRR,5,24.882,36.95,6.994,0.9601,0.07955,4,0.8,0.2647,90.51,10,0.5,62.85,normal,3
PRM,5,23.118,35.186,14.638,0.9601,0.07955,3,0.6,0.5512,90.51,5,0.25,62.85,normal,3
Contextual Bandit RL,5,22.352,34.42,2.324,0.9601,0.07955,3,0.6,0.3447,90.51,11,0.55,62.85,normal,3
Proposed Hybrid,5,19.228,31.296,6.434,0.9601,0.07955,5,1.0,0.5928,90.51,12,0.6,62.85,normal,3
PRR,5,17.86,32.442,16.926,0.9049,0.06206,1,0.2,0.6825,109.365,6,0.3,80.57,normal,4
PRM,5,20.252,34.834,20.252,0.9049,0.06206,2,0.4,0.2885,109.365,4,0.2,80.57,normal,4
Contextual Bandit RL,5,22.66,37.242,11.068,0.9049,0.06206,3,0.6,0.773,109.365,12,0.6,80.57,normal,4
Proposed Hybrid,5,24.26,38.842,9.602,0.9049,0.06206,3,0.6,0.2602,109.365,12,0.6,80.57,normal,4
PRR,5,19.474,32.796,7.786,0.907,0.06808,3,0.6,0.4766,99.915,7,0.35,73.44,normal,5
PRM,5,15.226,28.548,11.818,0.907,0.06808,3,0.6,0.5276,99.915,6,0.3,73.44,normal,5
Contextual Bandit RL,5,27.062,40.384,10.588,0.907,0.06808,5,1.0,0.4612,99.915,12,0.6,73.44,normal,5
Proposed Hybrid,5,18.986,32.308,7.612,0.907,0.06808,3,0.6,0.397,99.915,9,0.45,73.44,normal,5
PRR,5,95.872,141.852,55.896,0.9869,0.02146,4,0.8,0.221,574.75,20,1.0,232.95,cpu_heavy,1
PRM,5,80.218,126.198,32.116,0.9869,0.02146,3,0.6,0.2672,574.75,6,0.3,232.95,cpu_heavy,1
Contextual Bandit RL,5,161.012,206.992,7.134,0.9869,0.02146,5,1.0,0.9859,574.75,46,2.3,232.95,cpu_heavy,1
Proposed Hybrid,5,128.236,174.216,15.934,0.9869,0.02146,4,0.8,0.7528,574.75,46,2.3,232.95,cpu_heavy,1
PRR,5,54.578,89.532,49.074,0.9884,0.02828,2,0.4,0.2344,436.925,5,0.25,176.82,cpu_heavy,2
PRM,5,57.578,92.532,52.074,0.9884,0.02828,2,0.4,0.2328,436.925,5,0.25,176.82,cpu_heavy,2
Contextual Bandit RL,5,63.378,98.332,23.288,0.9884,0.02828,3,0.6,0.6451,436.925,16,0.8,176.82,cpu_heavy,2
Proposed Hybrid,5,64.978,99.932,30.392,0.9884,0.02828,3,0.6,0.447,436.925,18,0.9,176.82,cpu_heavy,2
PRR,5,80.574,119.422,28.646,0.9931,0.02556,4,0.8,0.2195,485.6,21,1.05,195.58,cpu_heavy,3
PRM,5,83.432,122.28,56.82,0.9931,0.02556,3,0.6,0.2485,485.6,5,0.25,195.58,cpu_heavy,3
Contextual Bandit RL,5,127.008,165.856,12.2,0.9931,0.02556,5,1.0,0.9491,485.6,34,1.7,195.58,cpu_heavy,3
Proposed Hybrid,5,96.452,135.3,14.6,0.9931,0.02556,4,0.8,0.8132,485.6,28,1.4,195.58,cpu_heavy,3
PRR,5,87.366,132.918,73.676,0.9795,0.0215,3,0.6,0.7658,569.4,22,1.1,232.53,cpu_heavy,4
PRM,5,88.686,134.238,88.686,0.9795,0.0215,2,0.4,0.2202,569.4,4,0.2,232.53,cpu_heavy,4
Contextual Bandit RL,5,92.166,137.718,46.768,0.9795,0.0215,3,0.6,0.5097,569.4,18,0.9,232.53,cpu_heavy,4
Proposed Hybrid,5,104.966,150.518,28.262,0.9795,0.0215,3,0.6,0.5154,569.4,27,1.35,232.53,cpu_heavy,4
PRR,5,68.596,110.786,29.434,0.9804,0.02324,3,0.6,0.2346,527.375,7,0.35,215.17,cpu_heavy,5
PRM,5,68.21,110.4,56.456,0.9804,0.02324,3,0.6,0.2745,527.375,5,0.25,215.17,cpu_heavy,5
Contextual Bandit RL,5,108.854,151.044,21.266,0.9804,0.02324,5,1.0,0.5171,527.375,38,1.9,215.17,cpu_heavy,5
Proposed Hybrid,5,93.428,135.618,29.82,0.9804,0.02324,5,1.0,0.5144,527.375,24,1.2,215.17,cpu_heavy,5
PRR,5,68.838,102.014,42.786,0.9701,0.02924,4,0.8,0.3092,331.76,12,0.6,171.0,bursty,1
PRM,5,52.614,85.79,28.962,0.9701,0.02924,3,0.6,0.2527,331.76,5,0.25,171.0,bursty,1
Contextual Bandit RL,5,114.204,147.38,10.83,0.9701,0.02924,5,1.0,0.9866,331.76,31,1.55,171.0,bursty,1
Proposed Hybrid,5,89.01,122.186,20.43,0.9701,0.02924,4,0.8,0.8077,331.76,33,1.65,171.0,bursty,1
PRR,5,18.164,38.108,15.96,0.9744,0.04886,1,0.2,0.4179,199.44,5,0.25,102.34,bursty,2
PRM,5,21.764,41.708,19.56,0.9744,0.04886,2,0.4,0.3484,199.44,5,0.25,102.34,bursty,2
Contextual Bandit RL,5,46.2,66.144,12.242,0.9744,0.04886,4,0.8,0.6414,199.44,14,0.7,102.34,bursty,2
Proposed Hybrid,5,21.364,41.308,10.364,0.9744,0.04886,1,0.2,0.6799,199.44,13,0.65,102.34,bursty,2
PRR,5,49.996,74.614,13.476,0.9931,0.04034,3,0.6,0.2359,246.18,16,0.8,123.95,bursty,3
PRM,5,56.03,80.648,37.296,0.9931,0.04034,3,0.6,0.3623,246.18,5,0.25,123.95,bursty,3
Contextual Bandit RL,5,70.554,95.172,9.912,0.9931,0.04034,4,0.8,0.8369,246.18,21,1.05,123.95,bursty,3
Proposed Hybrid,5,40.724,65.342,20.15,0.9931,0.04034,3,0.6,0.9271,246.18,16,0.8,123.95,bursty,3
PRR,5,53.102,85.764,45.394,0.9454,0.02895,3,0.6,0.7561,326.62,14,0.7,172.74,bursty,4
PRM,5,59.326,91.988,59.326,0.9454,0.02895,2,0.4,0.2318,326.62,4,0.2,172.74,bursty,4
Contextual Bandit RL,5,59.92,92.582,35.102,0.9454,0.02895,3,0.6,0.7301,326.62,16,0.8,172.74,bursty,4
Proposed Hybrid,5,62.702,95.364,24.264,0.9454,0.02895,3,0.6,0.2218,326.62,19,0.95,172.74,bursty,4
PRR,5,37.116,65.744,16.518,0.9468,0.03307,3,0.6,0.4353,286.28,7,0.35,151.19,bursty,5
PRM,5,33.45,62.078,28.144,0.9468,0.03307,2,0.4,0.4288,286.28,6,0.3,151.19,bursty,5
Contextual Bandit RL,5,44.408,73.036,7.622,0.9468,0.03307,3,0.6,0.4862,286.28,19,0.95,151.19,bursty,5
Proposed Hybrid,5,44.514,73.142,16.684,0.9468,0.03307,4,0.8,0.5366,286.28,14,0.7,151.19,bursty,5
PRR,5,3.742,19.866,3.742,0.9185,0.05697,1,0.2,0.6135,145.116,4,0.2,87.77,mixed,1
PRM,5,13.292,29.416,13.292,0.9185,0.05697,2,0.4,0.5553,145.116,4,0.2,87.77,mixed,1
Contextual Bandit RL,5,5.472,21.596,3.412,0.9185,0.05697,1,0.2,0.5014,145.116,6,0.3,87.77,mixed,1
Proposed Hybrid,5,4.374,20.498,4.374,0.9185,0.05697,2,0.4,0.5477,145.116,4,0.2,87.77,mixed,1
PRR,5,14.03,26.316,14.03,0.9514,0.07744,2,0.4,0.4862,110.574,4,0.2,64.57,mixed,2
PRM,5,13.246,25.532,12.622,0.9514,0.07744,1,0.2,0.5153,110.574,5,0.25,64.57,mixed,2
Contextual Bandit RL,5,8.61,20.896,2.648,0.9514,0.07744,1,0.2,0.7697,110.574,8,0.4,64.57,mixed,2
Proposed Hybrid,5,7.642,19.928,6.912,0.9514,0.07744,2,0.4,0.3866,110.574,5,0.25,64.57,mixed,2
PRR,5,5.572,14.324,2.224,0.977,0.11163,1,0.2,0.6002,78.768,5,0.25,44.79,mixed,3
PRM,5,5.572,14.324,2.224,0.977,0.11163,1,0.2,0.6002,78.768,5,0.25,44.79,mixed,3
Contextual Bandit RL,5,5.572,14.324,2.224,0.977,0.11163,1,0.2,0.6002,78.768,5,0.25,44.79,mixed,3
Proposed Hybrid,5,5.572,14.324,2.224,0.977,0.11163,1,0.2,0.6002,78.768,5,0.25,44.79,mixed,3
PRR,5,12.844,23.712,10.914,0.8276,0.07615,1,0.2,0.3436,97.812,7,0.35,65.66,mixed,4
PRM,5,14.538,25.406,5.362,0.8276,0.07615,3,0.6,0.4793,97.812,6,0.3,65.66,mixed,4
Contextual Bandit RL,5,21.376,32.244,8.268,0.8276,0.07615,3,0.6,0.8287,97.812,10,0.5,65.66,mixed,4
Proposed Hybrid,5,15.528,26.396,10.304,0.8276,0.07615,3,0.6,0.8611,97.812,8,0.4,65.66,mixed,4
PRR,5,25.938,40.838,22.74,0.8852,0.05941,3,0.6,0.4793,134.1,8,0.4,84.16,mixed,5
PRM,5,32.334,47.234,32.334,0.8852,0.05941,4,0.8,0.2511,134.1,4,0.2,84.16,mixed,5
Contextual Bandit RL,5,28.524,43.424,24.452,0.8852,0.05941,4,0.8,0.3695,134.1,8,0.4,84.16,mixed,5
Proposed Hybrid,5,19.15,34.05,12.172,0.8852,0.05941,3,0.6,0.3803,134.1,7,0.35,84.16,mixed,5
PRR,10,0.313,6.073,0.313,0.5878,0.10205,0,0.0,0.9317,57.6,9,0.45,97.99,light,1
PRM,10,0.313,6.073,0.313,0.5878,0.10205,0,0.0,0.9317,57.6,9,0.45,97.99,light,1
Contextual Bandit RL,10,0.313,6.073,0.313,0.5878,0.10205,0,0.0,0.9317,57.6,9,0.45,97.99,light,1
Proposed Hybrid,10,0.313,6.073,0.313,0.5878,0.10205,0,0.0,0.9317,57.6,9,0.45,97.99,light,1
PRR,10,-0.0,4.74,0.0,0.4144,0.08742,0,0.0,1.0,47.4,9,0.45,114.39,light,2
PRM,10,-0.0,4.74,0.0,0.4144,0.08742,0,0.0,1.0,47.4,9,0.45,114.39,light,2
Contextual Bandit RL,10,-0.0,4.74,0.0,0.4144,0.08742,0,0.0,1.0,47.4,9,0.45,114.39,light,2
Proposed Hybrid,10,-0.0,4.74,0.0,0.4144,0.08742,0,0.0,1.0,47.4,9,0.45,114.39,light,2
PRR,10,0.0,5.381,0.0,0.5184,0.09634,0,0.0,1.0,53.81,9,0.45,103.8,light,3
PRM,10,0.0,5.381,0.0,0.5184,0.09634,0,0.0,1.0,53.81,9,0.45,103.8,light,3
Contextual Bandit RL,10,0.0,5.381,0.0,0.5184,0.09634,0,0.0,1.0,53.81,9,0.45,103.8,light,3
Proposed Hybrid,10,0.0,5.381,0.0,0.5184,0.09634,0,0.0,1.0,53.81,9,0.45,103.8,light,3
PRR,10,-0.0,5.293,0.0,0.455,0.08596,0,0.0,1.0,52.93,9,0.45,116.33,light,4
PRM,10,-0.0,5.293,0.0,0.455,0.08596,0,0.0,1.0,52.93,9,0.45,116.33,light,4
Contextual Bandit RL,10,-0.0,5.293,0.0,0.455,0.08596,0,0.0,1.0,52.93,9,0.45,116.33,light,4
Proposed Hybrid,10,-0.0,5.293,0.0,0.455,0.08596,0,0.0,1.0,52.93,9,0.45,116.33,light,4
PRR,10,0.0,5.188,0.0,0.4263,0.08216,0,0.0,1.0,51.88,9,0.45,121.71,light,5
PRM,10,0.0,5.188,0.0,0.4263,0.08216,0,0.0,1.0,51.88,9,0.45,121.71,light,5
Contextual Bandit RL,10,0.0,5.188,0.0,0.4263,0.08216,0,0.0,1.0,51.88,9,0.45,121.71,light,5
Proposed Hybrid,10,0.0,5.188,0.0,0.4263,0.08216,0,0.0,1.0,51.88,9,0.45,121.71,light,5
PRR,10,57.868,72.269,41.802,0.966,0.06708,7,0.7,0.2792,216.015,15,0.75,149.08,normal,1
PRM,10,48.648,63.049,31.418,0.966,0.06708,7,0.7,0.3481,216.015,12,0.6,149.08,normal,1
Contextual Bandit RL,10,73.175,87.576,27.896,0.966,0.06708,9,0.9,0.6042,216.015,30,1.5,149.08,normal,1
Proposed Hybrid,10,67.623,82.024,38.123,0.966,0.06708,9,0.9,0.3579,216.015,24,1.2,149.08,normal,1
PRR,10,24.342,36.192,13.352,0.9708,0.08192,3,0.3,0.401,177.75,19,0.95,122.07,normal,2
PRM,10,23.731,35.581,19.154,0.9708,0.08192,4,0.4,0.4621,177.75,12,0.6,122.07,normal,2
Contextual Bandit RL,10,32.527,44.377,3.195,0.9708,0.08192,5,0.5,0.3882,177.75,22,1.1,122.07,normal,2
Proposed Hybrid,10,26.627,38.477,16.963,0.9708,0.08192,5,0.5,0.4654,177.75,18,0.9,122.07,normal,2
PRR,10,45.906,59.358,29.339,0.9817,0.07298,7,0.7,0.1737,201.78,21,1.05,137.03,normal,3
PRM,10,46.812,60.264,38.516,0.9817,0.07298,6,0.6,0.4167,201.78,10,0.5,137.03,normal,3
Contextual Bandit RL,10,66.02,79.472,2.154,0.9817,0.07298,9,0.9,0.4032,201.78,28,1.4,137.03,normal,3
Proposed Hybrid,10,37.951,51.403,28.132,0.9817,0.07298,7,0.7,0.2664,201.78,25,1.25,137.03,normal,3
PRR,10,34.344,47.58,32.452,0.9453,0.07142,6,0.6,0.4746,198.54,15,0.75,140.02,normal,4
PRM,10,42.417,55.653,38.016,0.9453,0.07142,6,0.6,0.2257,198.54,11,0.55,140.02,normal,4
Contextual Bandit RL,10,40.094,53.33,27.819,0.9453,0.07142,7,0.7,0.6354,198.54,23,1.15,140.02,normal,4
Proposed Hybrid,10,51.817,65.053,23.988,0.9453,0.07142,8,0.8,0.1397,198.54,27,1.35,140.02,normal,4
PRR,10,37.981,50.952,29.243,0.95,0.07324,8,0.8,0.3572,194.565,16,0.8,136.54,normal,5
PRM,10,30.815,43.786,27.103,0.95,0.07324,7,0.7,0.4578,194.565,13,0.65,136.54,normal,5
Contextual Bandit RL,10,55.844,68.815,14.672,0.95,0.07324,10,1.0,0.3163,194.565,26,1.3,136.54,normal,5
Proposed Hybrid,10,37.045,50.016,22.026,0.95,0.07324,8,0.8,0.2976,194.565,22,1.1,136.54,normal,5
PRR,10,208.741,253.814,155.349,0.9933,0.02204,9,0.9,0.1293,1126.825,42,2.1,453.78,cpu_heavy,1
PRM,10,182.168,227.241,123.434,0.9933,0.02204,8,0.8,0.122,1126.825,12,0.6,453.78,cpu_heavy,1
Contextual Bandit RL,10,276.037,321.11,49.986,0.9933,0.02204,9,0.9,0.3825,1126.825,93,4.65,453.78,cpu_heavy,1
Proposed Hybrid,10,278.542,323.615,71.854,0.9933,0.02204,9,0.9,0.3058,1126.825,89,4.45,453.78,cpu_heavy,1
PRR,10,159.269,197.536,123.901,0.9947,0.02599,8,0.8,0.2048,956.675,62,3.1,384.72,cpu_heavy,2
PRM,10,143.186,181.453,140.434,0.9947,0.02599,7,0.7,0.1241,956.675,10,0.5,384.72,cpu_heavy,2
Contextual Bandit RL,10,242.444,280.711,72.776,0.9947,0.02599,9,0.9,0.2213,956.675,76,3.8,384.72,cpu_heavy,2
Proposed Hybrid,10,186.383,224.65,71.295,0.9947,0.02599,8,0.8,0.261,956.675,65,3.25,384.72,cpu_heavy,2
PRR,10,185.059,227.595,128.698,0.9969,0.02344,9,0.9,0.1136,1063.4,59,2.95,426.7,cpu_heavy,3
PRM,10,189.419,231.955,163.299,0.9969,0.02344,7,0.7,0.1419,1063.4,10,0.5,426.7,cpu_heavy,3
Contextual Bandit RL,10,244.624,287.16,69.776,0.9969,0.02344,9,0.9,0.2754,1063.4,82,4.1,426.7,cpu_heavy,3
Proposed Hybrid,10,227.317,269.853,66.859,0.9969,0.02344,9,0.9,0.313,1063.4,80,4.0,426.7,cpu_heavy,3
PRR,10,176.469,218.43,158.261,0.9888,0.02356,8,0.8,0.568,1049.025,56,2.8,424.38,cpu_heavy,4
PRM,10,184.854,226.815,184.854,0.9888,0.02356,7,0.7,0.1149,1049.025,9,0.45,424.38,cpu_heavy,4
Contextual Bandit RL,10,212.439,254.4,99.395,0.9888,0.02356,7,0.7,0.3074,1049.025,66,3.3,424.38,cpu_heavy,4
Proposed Hybrid,10,234.443,276.404,46.17,0.9888,0.02356,8,0.8,0.3305,1049.025,75,3.75,424.38,cpu_heavy,4
PRR,10,177.452,218.708,141.378,0.9899,0.02399,8,0.8,0.1212,1031.4,43,2.15,416.78,cpu_heavy,5
PRM,10,156.697,197.953,147.073,0.9899,0.02399,8,0.8,0.1612,1031.4,10,0.5,416.78,cpu_heavy,5
Contextual Bandit RL,10,275.138,316.394,48.472,0.9899,0.02399,9,0.9,0.4502,1031.4,87,4.35,416.78,cpu_heavy,5
Proposed Hybrid,10,237.392,278.648,64.502,0.9899,0.02399,9,0.9,0.3176,1031.4,89,4.45,416.78,cpu_heavy,5
PRR,10,146.945,179.031,112.276,0.9843,0.03068,8,0.8,0.1792,641.72,24,1.2,325.98,bursty,1
PRM,10,115.742,147.828,88.418,0.9843,0.03068,7,0.7,0.1983,641.72,10,0.5,325.98,bursty,1
Contextual Bandit RL,10,191.191,223.277,22.36,0.9843,0.03068,9,0.9,0.3624,641.72,58,2.9,325.98,bursty,1
Proposed Hybrid,10,178.985,211.071,58.633,0.9843,0.03068,9,0.9,0.2727,641.72,64,3.2,325.98,bursty,1
PRR,10,61.639,85.559,40.958,0.9892,0.04135,4,0.4,0.3506,478.4,29,1.45,241.82,bursty,2
PRM,10,65.465,89.385,63.648,0.9892,0.04135,4,0.4,0.2846,478.4,11,0.55,241.82,bursty,2
Contextual Bandit RL,10,136.449,160.369,35.233,0.9892,0.04135,9,0.9,0.2159,478.4,42,2.1,241.82,bursty,2
Proposed Hybrid,10,66.441,90.361,27.329,0.9892,0.04135,6,0.6,0.4619,478.4,28,1.4,241.82,bursty,2
PRR,10,113.39,142.433,76.199,0.997,0.03433,9,0.9,0.1266,580.86,38,1.9,291.29,bursty,3
PRM,10,125.765,154.808,99.19,0.997,0.03433,7,0.7,0.2624,580.86,11,0.55,291.29,bursty,3
Contextual Bandit RL,10,157.289,186.332,25.594,0.997,0.03433,9,0.9,0.206,580.86,50,2.5,291.29,bursty,3
Proposed Hybrid,10,103.123,132.166,66.147,0.997,0.03433,8,0.8,0.5775,580.86,43,2.15,291.29,bursty,3
PRR,10,98.571,126.926,89.721,0.9678,0.03413,8,0.8,0.5951,567.1,32,1.6,292.98,bursty,4
PRM,10,115.353,143.708,115.353,0.9678,0.03413,7,0.7,0.1295,567.1,9,0.45,292.98,bursty,4
Contextual Bandit RL,10,162.531,190.886,40.244,0.9678,0.03413,8,0.8,0.225,567.1,63,3.15,292.98,bursty,4
Proposed Hybrid,10,129.527,157.882,43.297,0.9678,0.03413,8,0.8,0.1158,567.1,46,2.3,292.98,bursty,4
PRR,10,100.424,127.93,82.774,0.9716,0.03532,8,0.8,0.2534,550.12,23,1.15,283.11,bursty,5
PRM,10,78.989,106.495,74.04,0.9716,0.03532,7,0.7,0.2789,550.12,12,0.6,283.11,bursty,5
Contextual Bandit RL,10,111.086,138.592,24.755,0.9716,0.03532,8,0.8,0.3133,550.12,55,2.75,283.11,bursty,5
Proposed Hybrid,10,133.028,160.534,39.107,0.9716,0.03532,9,0.9,0.321,550.12,55,2.75,283.11,bursty,5
PRR,10,40.087,58.513,26.18,0.9626,0.05224,4,0.4,0.3685,331.668,22,1.1,191.41,mixed,1
PRM,10,43.76,62.186,43.76,0.9626,0.05224,6,0.6,0.3506,331.668,9,0.45,191.41,mixed,1
Contextual Bandit RL,10,37.606,56.032,20.382,0.9626,0.05224,5,0.5,0.2886,331.668,18,0.9,191.41,mixed,1
Proposed Hybrid,10,38.097,56.523,30.779,0.9626,0.05224,6,0.6,0.3518,331.668,14,0.7,191.41,mixed,1
PRR,10,37.348,51.738,35.517,0.9786,0.06801,6,0.6,0.2786,259.02,14,0.7,147.04,mixed,2
PRM,10,33.742,48.132,32.916,0.9786,0.06801,4,0.4,0.3338,259.02,11,0.55,147.04,mixed,2
Contextual Bandit RL,10,24.434,38.824,2.478,0.9786,0.06801,4,0.4,0.5685,259.02,19,0.95,147.04,mixed,2
Proposed Hybrid,10,25.407,39.797,21.345,0.9786,0.06801,5,0.5,0.2438,259.02,14,0.7,147.04,mixed,2
PRR,10,54.983,74.198,37.931,0.9947,0.05177,4,0.4,0.3228,345.87,14,0.7,193.18,mixed,3
PRM,10,46.236,65.451,29.723,0.9947,0.05177,5,0.5,0.3231,345.87,10,0.5,193.18,mixed,3
Contextual Bandit RL,10,47.988,67.203,29.176,0.9947,0.05177,5,0.5,0.3063,345.87,15,0.75,193.18,mixed,3
Proposed Hybrid,10,33.598,52.813,23.3,0.9947,0.05177,6,0.6,0.2572,345.87,16,0.8,193.18,mixed,3
PRR,10,17.486,26.929,14.217,0.893,0.09456,4,0.4,0.3407,169.974,18,0.9,105.75,mixed,4
PRM,10,21.84,31.283,17.252,0.893,0.09456,6,0.6,0.411,169.974,11,0.55,105.75,mixed,4
Contextual Bandit RL,10,37.033,46.476,9.972,0.893,0.09456,8,0.8,0.3118,169.974,18,0.9,105.75,mixed,4
Proposed Hybrid,10,17.537,26.98,11.158,0.893,0.09456,7,0.7,0.8171,169.974,18,0.9,105.75,mixed,4
PRR,10,44.674,59.573,38.233,0.9391,0.06303,6,0.6,0.4149,268.182,16,0.8,158.65,mixed,5
PRM,10,44.554,59.453,42.67,0.9391,0.06303,7,0.7,0.3604,268.182,11,0.55,158.65,mixed,5
Contextual Bandit RL,10,51.996,66.895,31.175,0.9391,0.06303,8,0.8,0.2972,268.182,20,1.0,158.65,mixed,5
Proposed Hybrid,10,40.03,54.929,23.389,0.9391,0.06303,6,0.6,0.3184,268.182,22,1.1,158.65,mixed,5
PRR,20,0.1565,5.727,0.1565,0.5354,0.09612,0,0.0,0.9646,111.41,19,0.95,208.08,light,1
PRM,20,0.1565,5.727,0.1565,0.5354,0.09612,0,0.0,0.9646,111.41,19,0.95,208.08,light,1
Contextual Bandit RL,20,0.1565,5.727,0.1565,0.5354,0.09612,0,0.0,0.9646,111.41,19,0.95,208.08,light,1
Proposed Hybrid,20,0.1565,5.727,0.1565,0.5354,0.09612,0,0.0,0.9646,111.41,19,0.95,208.08,light,1
PRR,20,0.167,5.2715,0.167,0.5056,0.09906,1,0.05,0.9643,102.09,19,0.95,201.9,light,2
PRM,20,0.167,5.2715,0.167,0.5056,0.09906,1,0.05,0.9643,102.09,19,0.95,201.9,light,2
Contextual Bandit RL,20,0.167,5.2715,0.167,0.5056,0.09906,1,0.05,0.9643,102.09,19,0.95,201.9,light,2
Proposed Hybrid,20,0.167,5.2715,0.167,0.5056,0.09906,1,0.05,0.9643,102.09,19,0.95,201.9,light,2
PRR,20,0.0,5.2105,0.0,0.5052,0.09696,0,0.0,1.0,104.21,19,0.95,206.26,light,3
PRM,20,0.0,5.2105,0.0,0.5052,0.09696,0,0.0,1.0,104.21,19,0.95,206.26,light,3
Contextual Bandit RL,20,0.0,5.2105,0.0,0.5052,0.09696,0,0.0,1.0,104.21,19,0.95,206.26,light,3
Proposed Hybrid,20,0.0,5.2105,0.0,0.5052,0.09696,0,0.0,1.0,104.21,19,0.95,206.26,light,3
PRR,20,-0.0,4.9665,0.0,0.4315,0.08688,0,0.0,1.0,99.33,19,0.95,230.21,light,4
PRM,20,-0.0,4.9665,0.0,0.4315,0.08688,0,0.0,1.0,99.33,19,0.95,230.21,light,4
Contextual Bandit RL,20,-0.0,4.9665,0.0,0.4315,0.08688,0,0.0,1.0,99.33,19,0.95,230.21,light,4
Proposed Hybrid,20,-0.0,4.9665,0.0,0.4315,0.08688,0,0.0,1.0,99.33,19,0.95,230.21,light,4
PRR,20,-0.0,5.2735,0.0,0.4657,0.08832,0,0.0,1.0,105.47,19,0.95,226.46,light,5
PRM,20,-0.0,5.2735,0.0,0.4657,0.08832,0,0.0,1.0,105.47,19,0.95,226.46,light,5
Contextual Bandit RL,20,-0.0,5.2735,0.0,0.4657,0.08832,0,0.0,1.0,105.47,19,0.95,226.46,light,5
Proposed Hybrid,20,-0.0,5.2735,0.0,0.4657,0.08832,0,0.0,1.0,105.47,19,0.95,226.46,light,5
PRR,20,105.629,119.556,80.654,0.9821,0.07052,16,0.8,0.2433,417.81,45,2.25,283.61,normal,1
PRM,20,92.869,106.796,70.6195,0.9821,0.07052,14,0.7,0.299,417.81,25,1.25,283.61,normal,1
Contextual Bandit RL,20,147.1575,161.0845,44.1355,0.9821,0.07052,17,0.85,0.0964,417.81,64,3.2,283.61,normal,1
Proposed Hybrid,20,111.2135,125.1405,76.3095,0.9821,0.07052,18,0.9,0.1711,417.81,52,2.6,283.61,normal,1
PRR,20,68.09,80.853,47.587,0.9862,0.07727,11,0.55,0.269,382.89,46,2.3,258.83,normal,2
PRM,20,62.754,75.517,51.8335,0.9862,0.07727,12,0.6,0.3766,382.89,25,1.25,258.83,normal,2
Contextual Bandit RL,20,88.2965,101.0595,24.268,0.9862,0.07727,14,0.7,0.2561,382.89,49,2.45,258.83,normal,2
Proposed Hybrid,20,65.5455,78.3085,44.4375,0.9862,0.07727,13,0.65,0.3647,382.89,44,2.2,258.83,normal,2
PRR,20,90.019,103.0455,66.055,0.9905,0.07603,16,0.8,0.1432,390.795,55,2.75,263.04,normal,3
PRM,20,82.251,95.2775,75.9615,0.9905,0.07603,15,0.75,0.1701,390.795,21,1.05,263.04,normal,3
Contextual Bandit RL,20,123.247,136.2735,8.478,0.9905,0.07603,18,0.9,0.146,390.795,62,3.1,263.04,normal,3
Proposed Hybrid,20,95.4645,108.491,57.637,0.9905,0.07603,17,0.85,0.1627,390.795,56,2.8,263.04,normal,3
PRR,20,65.3915,77.81,57.092,0.9701,0.07812,12,0.6,0.3474,372.555,45,2.25,256.03,normal,4
PRM,20,79.946,92.3645,71.2565,0.9701,0.07812,13,0.65,0.2025,372.555,23,1.15,256.03,normal,4
Contextual Bandit RL,20,84.457,96.8755,51.8975,0.9701,0.07812,14,0.7,0.2656,372.555,53,2.65,256.03,normal,4
Proposed Hybrid,20,95.727,108.1455,47.6215,0.9701,0.07812,18,0.9,0.0881,372.555,57,2.85,256.03,normal,4
PRR,20,81.95,95.1345,65.9775,0.9748,0.07393,14,0.7,0.217,395.535,43,2.15,270.52,normal,5
PRM,20,75.3785,88.563,65.711,0.9748,0.07393,14,0.7,0.34,395.535,26,1.3,270.52,normal,5
Contextual Bandit RL,20,118.3975,131.582,33.7315,0.9748,0.07393,18,0.9,0.1589,395.535,57,2.85,270.52,normal,5
Proposed Hybrid,20,87.8025,100.987,46.624,0.9748,0.07393,15,0.75,0.2534,395.535,60,3.0,270.52,normal,5
PRR,20,432.995,476.802,332.31,0.9965,0.02275,19,0.95,0.509,2190.35,170,8.5,879.19,cpu_heavy,1
PRM,20,383.586,427.393,312.5735,0.9965,0.02275,18,0.9,0.0711,2190.35,23,1.15,879.19,cpu_heavy,1
Contextual Bandit RL,20,626.7855,670.5925,112.369,0.9965,0.02275,19,0.95,0.0896,2190.35,194,9.7,879.19,cpu_heavy,1
Proposed Hybrid,20,572.935,616.742,169.623,0.9965,0.02275,19,0.95,0.2048,2190.35,181,9.05,879.19,cpu_heavy,1
PRR,20,371.085,411.785,305.856,0.9975,0.02451,19,0.95,0.0595,2035.0,164,8.2,816.05,cpu_heavy,2
PRM,20,339.913,380.613,335.6825,0.9975,0.02451,18,0.9,0.0961,2035.0,21,1.05,816.05,cpu_heavy,2
Contextual Bandit RL,20,565.086,605.786,140.2015,0.9975,0.02451,19,0.95,0.0974,2035.0,177,8.85,816.05,cpu_heavy,2
Proposed Hybrid,20,482.316,523.016,126.807,0.9975,0.02451,18,0.9,0.1646,2035.0,182,9.1,816.05,cpu_heavy,2
PRR,20,394.0085,435.4095,315.2485,0.9984,0.02411,18,0.9,0.0858,2070.05,160,8.0,829.36,cpu_heavy,3
PRM,20,377.992,419.393,360.8015,0.9984,0.02411,17,0.85,0.0762,2070.05,20,1.0,829.36,cpu_heavy,3
Contextual Bandit RL,20,563.017,604.418,126.9495,0.9984,0.02411,18,0.9,0.1064,2070.05,180,9.0,829.36,cpu_heavy,3
Proposed Hybrid,20,567.367,608.768,104.323,0.9984,0.02411,19,0.95,0.2158,2070.05,191,9.55,829.36,cpu_heavy,3
PRR,20,356.838,396.618,308.7745,0.994,0.02499,18,0.9,0.4742,1989.0,162,8.1,800.37,cpu_heavy,4
PRM,20,367.1155,406.8955,361.033,0.994,0.02499,18,0.9,0.0804,1989.0,21,1.05,800.37,cpu_heavy,4
Contextual Bandit RL,20,590.2945,630.0745,97.259,0.994,0.02499,20,1.0,0.1457,1989.0,182,9.1,800.37,cpu_heavy,4
Proposed Hybrid,20,464.771,504.551,103.6545,0.994,0.02499,18,0.9,0.2299,1989.0,174,8.7,800.37,cpu_heavy,4
PRR,20,390.713,432.538,302.8495,0.995,0.02379,17,0.85,0.092,2091.25,160,8.0,840.72,cpu_heavy,5
PRM,20,365.0805,406.9055,345.34,0.995,0.02379,17,0.85,0.1007,2091.25,22,1.1,840.72,cpu_heavy,5
Contextual Bandit RL,20,624.461,666.286,117.728,0.995,0.02379,19,0.95,0.2444,2091.25,190,9.5,840.72,cpu_heavy,5
Proposed Hybrid,20,521.182,563.007,115.5465,0.995,0.02379,19,0.95,0.2258,2091.25,197,9.85,840.72,cpu_heavy,5
PRR,20,283.65,314.218,225.038,0.9917,0.03244,18,0.9,0.4492,1222.72,102,5.1,616.48,bursty,1
PRM,20,238.599,269.167,209.2975,0.9917,0.03244,16,0.8,0.1795,1222.72,21,1.05,616.48,bursty,1
Contextual Bandit RL,20,372.9435,403.5115,53.5525,0.9917,0.03244,18,0.9,0.1012,1222.72,135,6.75,616.48,bursty,1
Proposed Hybrid,20,305.888,336.456,142.577,0.9917,0.03244,19,0.95,0.1763,1222.72,119,5.95,616.48,bursty,1
PRR,20,182.783,209.6225,135.5905,0.9951,0.03708,13,0.65,0.1782,1073.58,98,4.9,539.41,bursty,2
PRM,20,180.2885,207.128,168.3945,0.9951,0.03708,14,0.7,0.2592,1073.58,24,1.2,539.41,bursty,2
Contextual Bandit RL,20,285.5085,312.348,97.3365,0.9951,0.03708,20,1.0,0.2155,1073.58,108,5.4,539.41,bursty,2
Proposed Hybrid,20,206.75,233.5895,77.5455,0.9951,0.03708,16,0.8,0.3171,1073.58,109,5.45,539.41,bursty,2
PRR,20,235.693,263.3755,188.005,0.9984,0.03607,18,0.9,0.1157,1107.3,94,4.7,554.51,bursty,3
PRM,20,231.5885,259.271,215.544,0.9984,0.03607,17,0.85,0.1515,1107.3,21,1.05,554.51,bursty,3
Contextual Bandit RL,20,333.8395,361.522,62.4585,0.9984,0.03607,18,0.9,0.1478,1107.3,121,6.05,554.51,bursty,3
Proposed Hybrid,20,280.9065,308.589,94.665,0.9984,0.03607,18,0.9,0.3646,1107.3,124,6.2,554.51,bursty,3
PRR,20,183.823,209.5605,162.7575,0.982,0.03815,15,0.75,0.2687,1029.5,91,4.55,524.18,bursty,4
PRM,20,215.401,241.1385,212.9825,0.982,0.03815,16,0.8,0.1333,1029.5,21,1.05,524.18,bursty,4
Contextual Bandit RL,20,274.5485,300.286,56.6475,0.982,0.03815,18,0.9,0.1372,1029.5,112,5.6,524.18,bursty,4
Proposed Hybrid,20,246.844,272.5815,114.0755,0.982,0.03815,18,0.9,0.0711,1029.5,102,5.1,524.18,bursty,4
PRR,20,222.2615,250.451,174.165,0.9859,0.03497,15,0.75,0.2341,1127.58,97,4.85,571.84,bursty,5
PRM,20,202.8825,231.072,188.1525,0.9859,0.03497,15,0.75,0.1915,1127.58,25,1.25,571.84,bursty,5
Contextual Bandit RL,20,289.8935,318.083,77.4565,0.9859,0.03497,16,0.8,0.2022,1127.58,118,5.9,571.84,bursty,5
Proposed Hybrid,20,259.7735,287.963,75.0855,0.9859,0.03497,18,0.9,0.2338,1127.58,119,5.95,571.84,bursty,5
PRR,20,110.994,130.7695,78.4075,0.9822,0.04967,14,0.7,0.2112,711.918,65,3.25,402.66,mixed,1
PRM,20,135.013,154.7885,134.321,0.9822,0.04967,14,0.7,0.2235,711.918,20,1.0,402.66,mixed,1
Contextual Bandit RL,20,113.597,133.3725,49.0125,0.9822,0.04967,12,0.6,0.266,711.918,61,3.05,402.66,mixed,1
Proposed Hybrid,20,106.065,125.8405,68.823,0.9822,0.04967,15,0.75,0.203,711.918,47,2.35,402.66,mixed,1
PRR,20,68.0145,79.844,59.6035,0.9869,0.08343,14,0.7,0.2367,425.862,39,1.95,239.73,mixed,2
PRM,20,53.0955,64.925,47.1255,0.9869,0.08343,12,0.6,0.3393,425.862,24,1.2,239.73,mixed,2
Contextual Bandit RL,20,55.5265,67.356,12.577,0.9869,0.08343,11,0.55,0.4673,425.862,47,2.35,239.73,mixed,2
Proposed Hybrid,20,58.754,70.5835,50.305,0.9869,0.08343,15,0.75,0.1789,425.862,35,1.75,239.73,mixed,2
PRR,20,104.595,122.485,75.0595,0.9971,0.05574,15,0.75,0.2226,644.04,52,2.6,358.83,mixed,3
PRM,20,88.2645,106.1545,68.594,0.9971,0.05574,13,0.65,0.2773,644.04,22,1.1,358.83,mixed,3
Contextual Bandit RL,20,95.3155,113.2055,52.223,0.9971,0.05574,13,0.65,0.2487,644.04,60,3.0,358.83,mixed,3
Proposed Hybrid,20,88.6965,106.5865,63.8735,0.9971,0.05574,15,0.75,0.1778,644.04,65,3.25,358.83,mixed,3
PRR,20,36.5885,45.6345,29.7515,0.9411,0.10404,13,0.65,0.2843,325.656,39,1.95,192.24,mixed,4
PRM,20,34.191,43.237,31.39,0.9411,0.10404,11,0.55,0.4373,325.656,23,1.15,192.24,mixed,4
Contextual Bandit RL,20,42.8585,51.9045,9.1595,0.9411,0.10404,14,0.7,0.3237,325.656,34,1.7,192.24,mixed,4
Proposed Hybrid,20,33.5385,42.5845,24.164,0.9411,0.10404,16,0.8,0.6231,325.656,36,1.8,192.24,mixed,4
PRR,20,98.2505,115.319,85.3225,0.9725,0.05698,13,0.65,0.346,614.466,41,2.05,351.03,mixed,5
PRM,20,82.6815,99.75,81.1,0.9725,0.05698,12,0.6,0.3523,614.466,23,1.15,351.03,mixed,5
Contextual Bandit RL,20,148.6305,165.699,45.1715,0.9725,0.05698,18,0.9,0.1685,614.466,60,3.0,351.03,mixed,5
Proposed Hybrid,20,98.4635,115.532,42.118,0.9725,0.05698,15,0.75,0.2384,614.466,59,2.95,351.03,mixed,5
PRR,50,0.138,5.4786,0.138,0.5258,0.09845,0,0.0,0.9686,267.03,49,2.45,507.86,light,1
PRM,50,0.138,5.4786,0.138,0.5258,0.09845,0,0.0,0.9686,267.03,49,2.45,507.86,light,1
Contextual Bandit RL,50,0.138,5.4786,0.138,0.5258,0.09845,0,0.0,0.9686,267.03,49,2.45,507.86,light,1
Proposed Hybrid,50,0.138,5.4786,0.138,0.5258,0.09845,0,0.0,0.9686,267.03,49,2.45,507.86,light,1
PRR,50,0.1494,5.7954,0.1494,0.5485,0.09715,1,0.02,0.9679,282.3,49,2.45,514.68,light,2
PRM,50,0.1494,5.7954,0.1494,0.5485,0.09715,1,0.02,0.9679,282.3,49,2.45,514.68,light,2
Contextual Bandit RL,50,0.1494,5.7954,0.1494,0.5485,0.09715,1,0.02,0.9679,282.3,49,2.45,514.68,light,2
Proposed Hybrid,50,0.1494,5.7954,0.1494,0.5485,0.09715,1,0.02,0.9679,282.3,49,2.45,514.68,light,2
PRR,50,0.0414,5.2592,0.0414,0.5129,0.09829,0,0.0,0.9903,260.89,49,2.45,508.68,light,3
PRM,50,0.0414,5.2592,0.0414,0.5129,0.09829,0,0.0,0.9903,260.89,49,2.45,508.68,light,3
Contextual Bandit RL,50,0.0414,5.2592,0.0414,0.5129,0.09829,0,0.0,0.9903,260.89,49,2.45,508.68,light,3
Proposed Hybrid,50,0.0414,5.2592,0.0414,0.5129,0.09829,0,0.0,0.9903,260.89,49,2.45,508.68,light,3
PRR,50,0.063,5.3702,0.063,0.4884,0.09204,0,0.0,0.9872,265.36,49,2.45,543.27,light,4
PRM,50,0.063,5.3702,0.063,0.4884,0.09204,0,0.0,0.9872,265.36,49,2.45,543.27,light,4
Contextual Bandit RL,50,0.063,5.3702,0.063,0.4884,0.09204,0,0.0,0.9872,265.36,49,2.45,543.27,light,4
Proposed Hybrid,50,0.063,5.3702,0.063,0.4884,0.09204,0,0.0,0.9872,265.36,49,2.45,543.27,light,4
PRR,50,0.0968,5.2788,0.0968,0.5154,0.09946,0,0.0,0.9777,259.1,49,2.45,502.73,light,5
PRM,50,0.0968,5.2788,0.0968,0.5154,0.09946,0,0.0,0.9777,259.1,49,2.45,502.73,light,5
Contextual Bandit RL,50,0.0968,5.2788,0.0968,0.5154,0.09946,0,0.0,0.9777,259.1,49,2.45,502.73,light,5
Proposed Hybrid,50,0.0968,5.2788,0.0968,0.5154,0.09946,0,0.0,0.9777,259.1,49,2.45,502.73,light,5
PRR,50,233.4208,246.772,177.3612,0.9925,0.07434,42,0.84,0.1628,1001.34,162,8.1,672.63,normal,1
PRM,50,205.7034,219.0546,185.5908,0.9925,0.07434,37,0.74,0.2356,1001.34,58,2.9,672.63,normal,1
Contextual Bandit RL,50,333.5068,346.858,97.5214,0.9925,0.07434,43,0.86,0.1161,1001.34,155,7.75,672.63,normal,1
Proposed Hybrid,50,239.4624,252.8136,152.1364,0.9925,0.07434,43,0.86,0.1498,1001.34,137,6.85,672.63,normal,1
PRR,50,227.1666,241.2828,181.3468,0.995,0.07048,36,0.72,0.182,1058.715,157,7.85,709.38,normal,2
PRM,50,220.6638,234.78,202.2928,0.995,0.07048,38,0.76,0.2234,1058.715,58,2.9,709.38,normal,2
Contextual Bandit RL,50,276.7018,290.818,127.5272,0.995,0.07048,36,0.72,0.1974,1058.715,138,6.9,709.38,normal,2
Proposed Hybrid,50,259.2066,273.3228,142.0992,0.995,0.07048,40,0.8,0.1674,1058.715,151,7.55,709.38,normal,2
PRR,50,227.8688,240.9142,179.7704,0.9962,0.07636,40,0.8,0.1469,978.405,158,7.9,654.78,normal,3
PRM,50,207.9578,221.0032,195.4148,0.9962,0.07636,38,0.76,0.1941,978.405,60,3.0,654.78,normal,3
Contextual Bandit RL,50,327.5386,340.584,54.0012,0.9962,0.07636,43,0.86,0.1246,978.405,157,7.85,654.78,normal,3
Proposed Hybrid,50,243.2094,256.2548,153.421,0.9962,0.07636,42,0.84,0.1362,978.405,154,7.7,654.78,normal,3
PRR,50,192.5772,205.845,157.3604,0.9886,0.07451,35,0.7,0.26,995.085,142,7.1,671.05,normal,4
PRM,50,202.6522,215.92,191.7282,0.9886,0.07451,37,0.74,0.1733,995.085,57,2.85,671.05,normal,4
Contextual Bandit RL,50,250.4934,263.7612,103.6242,0.9886,0.07451,36,0.72,0.1857,995.085,150,7.5,671.05,normal,4
Proposed Hybrid,50,218.3142,231.582,131.8402,0.9886,0.07451,43,0.86,0.1053,995.085,154,7.7,671.05,normal,4
PRR,50,216.6984,229.654,179.0426,0.9896,0.07638,39,0.78,0.1833,971.67,147,7.35,654.61,normal,5
PRM,50,200.8776,213.8332,187.3504,0.9896,0.07638,40,0.8,0.2257,971.67,60,3.0,654.61,normal,5
Contextual Bandit RL,50,318.7262,331.6818,89.2652,0.9896,0.07638,46,0.92,0.1057,971.67,156,7.8,654.61,normal,5
Proposed Hybrid,50,242.7908,255.7464,140.4428,0.9896,0.07638,43,0.86,0.1722,971.67,151,7.55,654.61,normal,5
PRR,50,1047.145,1089.4144,851.6664,0.9986,0.02362,50,1.0,0.4033,5283.675,532,26.6,2116.52,cpu_heavy,1
PRM,50,948.098,990.3674,884.9656,0.9986,0.02362,46,0.92,0.0367,5283.675,54,2.7,2116.52,cpu_heavy,1
Contextual Bandit RL,50,1674.2604,1716.5298,243.1566,0.9986,0.02362,48,0.96,0.0401,5283.675,491,24.55,2116.52,cpu_heavy,1
Proposed Hybrid,50,1272.094,1314.3634,429.3052,0.9986,0.02362,49,0.98,0.1233,5283.675,493,24.65,2116.52,cpu_heavy,1
PRR,50,1074.5816,1118.8916,891.5008,0.9991,0.02255,49,0.98,0.0248,5538.75,548,27.4,2217.55,cpu_heavy,2
PRM,50,1035.176,1079.486,1025.3982,0.9991,0.02255,47,0.94,0.0428,5538.75,52,2.6,2217.55,cpu_heavy,2
Contextual Bandit RL,50,1616.1954,1660.5054,377.3956,0.9991,0.02255,47,0.94,0.0488,5538.75,510,25.5,2217.55,cpu_heavy,2
Proposed Hybrid,50,1278.9878,1323.2978,347.619,0.9991,0.02255,47,0.94,0.0927,5538.75,520,26.0,2217.55,cpu_heavy,2
PRR,50,1034.3878,1075.8402,847.1746,0.9994,0.02411,49,0.98,0.0244,5181.55,508,25.4,2073.96,cpu_heavy,3
PRM,50,968.1814,1009.6338,930.7618,0.9994,0.02411,47,0.94,0.0514,5181.55,75,3.75,2073.96,cpu_heavy,3
Contextual Bandit RL,50,1592.071,1633.5234,361.4046,0.9994,0.02411,47,0.94,0.0743,5181.55,497,24.85,2073.96,cpu_heavy,3
Proposed Hybrid,50,1241.9318,1283.3842,411.8982,0.9994,0.02411,48,0.96,0.0869,5181.55,505,25.25,2073.96,cpu_heavy,3
PRR,50,986.2172,1028.265,832.1598,0.9977,0.02373,47,0.94,0.135,5255.975,518,25.9,2107.16,cpu_heavy,4
PRM,50,958.176,1000.2238,946.6004,0.9977,0.02373,46,0.92,0.0508,5255.975,52,2.6,2107.16,cpu_heavy,4
Contextual Bandit RL,50,1637.1034,1679.1512,335.07,0.9977,0.02373,48,0.96,0.0596,5255.975,497,24.85,2107.16,cpu_heavy,4
Proposed Hybrid,50,1162.1672,1204.215,422.0272,0.9977,0.02373,47,0.94,0.1193,5255.975,503,25.15,2107.16,cpu_heavy,4
PRR,50,998.7968,1040.0116,833.2478,0.998,0.02421,46,0.92,0.0326,5151.85,507,25.35,2064.96,cpu_heavy,5
PRM,50,940.2856,981.5004,916.2644,0.998,0.02421,48,0.96,0.0563,5151.85,67,3.35,2064.96,cpu_heavy,5
Contextual Bandit RL,50,1582.6856,1623.9004,371.078,0.998,0.02421,48,0.96,0.0625,5151.85,495,24.75,2064.96,cpu_heavy,5
Proposed Hybrid,50,1275.8324,1317.0472,312.3462,0.998,0.02421,48,0.96,0.1276,5151.85,498,24.9,2064.96,cpu_heavy,5
PRR,50,635.3196,664.043,519.6322,0.9964,0.03469,47,0.94,0.2205,2872.34,346,17.3,1441.29,bursty,1
PRM,50,560.4396,589.163,530.9836,0.9964,0.03469,42,0.84,0.1387,2872.34,54,2.7,1441.29,bursty,1
Contextual Bandit RL,50,858.8132,887.5366,203.6788,0.9964,0.03469,44,0.88,0.0671,2872.34,317,15.85,1441.29,bursty,1
Proposed Hybrid,50,708.7088,737.4322,321.798,0.9964,0.03469,49,0.98,0.0904,2872.34,324,16.2,1441.29,bursty,1
PRR,50,632.21,663.3812,517.0092,0.9983,0.03203,45,0.9,0.0812,3117.12,368,18.4,1561.18,bursty,2
PRM,50,654.0862,685.2574,628.4656,0.9983,0.03203,41,0.82,0.1097,3117.12,56,2.8,1561.18,bursty,2
Contextual Bandit RL,50,922.2552,953.4264,260.0088,0.9983,0.03203,46,0.92,0.0738,3117.12,343,17.15,1561.18,bursty,2
Proposed Hybrid,50,693.107,724.2782,299.7598,0.9983,0.03203,44,0.88,0.1618,3117.12,342,17.1,1561.18,bursty,2
PRR,50,618.572,646.315,513.525,0.9994,0.03602,48,0.96,0.0431,2774.3,335,16.75,1388.01,bursty,3
PRM,50,590.6924,618.4354,557.459,0.9994,0.03602,43,0.86,0.1035,2774.3,70,3.5,1388.01,bursty,3
Contextual Bandit RL,50,847.8788,875.6218,216.3666,0.9994,0.03602,45,0.9,0.1096,2774.3,318,15.9,1388.01,bursty,3
Proposed Hybrid,50,657.9102,685.6532,263.7938,0.9994,0.03602,44,0.88,0.1802,2774.3,317,15.85,1388.01,bursty,3
PRR,50,551.1802,579.6386,468.8246,0.9934,0.03491,41,0.82,0.1099,2845.84,325,16.25,1432.35,bursty,4
PRM,50,567.8278,596.2862,562.5874,0.9934,0.03491,42,0.84,0.0978,2845.84,53,2.65,1432.35,bursty,4
Contextual Bandit RL,50,785.7844,814.2428,206.0418,0.9934,0.03491,42,0.84,0.1283,2845.84,314,15.7,1432.35,bursty,4
Proposed Hybrid,50,606.9386,635.397,264.955,0.9934,0.03491,46,0.92,0.0548,2845.84,331,16.55,1432.35,bursty,4
PRR,50,584.1054,611.5636,482.5218,0.9942,0.03621,44,0.88,0.1175,2745.82,308,15.4,1380.96,bursty,5
PRM,50,543.8176,571.2758,517.7488,0.9942,0.03621,42,0.84,0.1103,2745.82,56,2.8,1380.96,bursty,5
Contextual Bandit RL,50,756.2214,783.6796,251.94,0.9942,0.03621,44,0.88,0.1481,2745.82,308,15.4,1380.96,bursty,5
Proposed Hybrid,50,675.7796,703.2378,298.8206,0.9942,0.03621,48,0.96,0.1147,2745.82,314,15.7,1380.96,bursty,5
PRR,50,255.5076,272.392,210.7782,0.9916,0.05873,41,0.82,0.1395,1519.596,186,9.3,851.37,mixed,1
PRM,50,300.7652,317.6496,297.551,0.9916,0.05873,39,0.78,0.1789,1519.596,55,2.75,851.37,mixed,1
Contextual Bandit RL,50,284.57,301.4544,133.0732,0.9916,0.05873,38,0.76,0.2148,1519.596,159,7.95,851.37,mixed,1
Proposed Hybrid,50,277.877,294.7614,189.7528,0.9916,0.05873,40,0.8,0.12,1519.596,147,7.35,851.37,mixed,1
PRR,50,175.2472,187.9398,154.1984,0.9951,0.0784,36,0.72,0.2475,1142.334,112,5.6,637.77,mixed,2
PRM,50,150.5996,163.2922,146.2704,0.9951,0.0784,36,0.72,0.2384,1142.334,61,3.05,637.77,mixed,2
Contextual Bandit RL,50,165.7814,178.474,81.076,0.9951,0.0784,35,0.7,0.3319,1142.334,121,6.05,637.77,mixed,2
Proposed Hybrid,50,175.7094,188.402,109.2782,0.9951,0.0784,41,0.82,0.1647,1142.334,128,6.4,637.77,mixed,2
PRR,50,297.1736,316.9914,236.2174,0.999,0.05041,41,0.82,0.1566,1783.602,205,10.25,991.92,mixed,3
PRM,50,324.775,344.5928,299.6444,0.999,0.05041,37,0.74,0.1844,1783.602,57,2.85,991.92,mixed,3
Contextual Bandit RL,50,449.6096,469.4274,188.0614,0.999,0.05041,42,0.84,0.1173,1783.602,202,10.1,991.92,mixed,3
Proposed Hybrid,50,331.616,351.4338,194.7524,0.999,0.05041,42,0.84,0.0852,1783.602,202,10.1,991.92,mixed,3
PRR,50,139.6006,152.3768,120.4228,0.9826,0.07691,34,0.68,0.2315,1149.858,123,6.15,650.13,mixed,4
PRM,50,138.8298,151.606,129.5898,0.9826,0.07691,33,0.66,0.318,1149.858,64,3.2,650.13,mixed,4
Contextual Bandit RL,50,153.897,166.6732,61.5614,0.9826,0.07691,34,0.68,0.2817,1149.858,107,5.35,650.13,mixed,4
Proposed Hybrid,50,125.2574,138.0336,84.7712,0.9826,0.07691,42,0.84,0.321,1149.858,128,6.4,650.13,mixed,4
PRR,50,183.0506,197.5426,157.4752,0.9868,0.0681,34,0.68,0.3568,1304.28,123,6.15,734.26,mixed,5
PRM,50,167.954,182.446,164.4352,0.9868,0.0681,32,0.64,0.3569,1304.28,62,3.1,734.26,mixed,5
Contextual Bandit RL,50,291.4384,305.9304,82.8864,0.9868,0.0681,43,0.86,0.1366,1304.28,151,7.55,734.26,mixed,5
Proposed Hybrid,50,194.03,208.522,120.6906,0.9868,0.0681,43,0.86,0.1596,1304.28,145,7.25,734.26,mixed,5
PRR,100,0.1254,5.1672,0.1254,0.4951,0.0982,1,0.01,0.9712,504.18,99,4.95,1018.37,light,1
PRM,100,0.1254,5.1672,0.1254,0.4951,0.0982,1,0.01,0.9712,504.18,99,4.95,1018.37,light,1
Contextual Bandit RL,100,0.1254,5.1672,0.1254,0.4951,0.0982,1,0.01,0.9712,504.18,99,4.95,1018.37,light,1
Proposed Hybrid,100,0.1254,5.1672,0.1254,0.4951,0.0982,1,0.01,0.9712,504.18,99,4.95,1018.37,light,1
PRR,100,0.175,5.4447,0.1368,0.5239,0.09941,1,0.01,0.9688,526.97,100,5.0,1005.95,light,2
PRM,100,0.1494,5.4191,0.1494,0.5239,0.09941,1,0.01,0.9679,526.97,99,4.95,1005.95,light,2
Contextual Bandit RL,100,0.1494,5.4191,0.1494,0.5239,0.09941,1,0.01,0.9679,526.97,99,4.95,1005.95,light,2
Proposed Hybrid,100,0.1494,5.4191,0.1494,0.5239,0.09941,1,0.01,0.9679,526.97,99,4.95,1005.95,light,2
PRR,100,0.0317,5.0911,0.0317,0.4966,0.09816,0,0.0,0.9927,505.94,99,4.95,1018.77,light,3
PRM,100,0.0317,5.0911,0.0317,0.4966,0.09816,0,0.0,0.9927,505.94,99,4.95,1018.77,light,3
Contextual Bandit RL,100,0.0317,5.0911,0.0317,0.4966,0.09816,0,0.0,0.9927,505.94,99,4.95,1018.77,light,3
Proposed Hybrid,100,0.0317,5.0911,0.0317,0.4966,0.09816,0,0.0,0.9927,505.94,99,4.95,1018.77,light,3
PRR,100,0.0684,5.422,0.0684,0.501,0.09359,0,0.0,0.9847,535.36,99,4.95,1068.49,light,4
PRM,100,0.0684,5.422,0.0684,0.501,0.09359,0,0.0,0.9847,535.36,99,4.95,1068.49,light,4
Contextual Bandit RL,100,0.0684,5.422,0.0684,0.501,0.09359,0,0.0,0.9847,535.36,99,4.95,1068.49,light,4
Proposed Hybrid,100,0.0684,5.422,0.0684,0.501,0.09359,0,0.0,0.9847,535.36,99,4.95,1068.49,light,4
PRR,100,0.1016,5.1797,0.1016,0.5202,0.10244,0,0.0,0.9766,507.81,99,4.95,976.15,light,5
PRM,100,0.1016,5.1797,0.1016,0.5202,0.10244,0,0.0,0.9766,507.81,99,4.95,976.15,light,5
Contextual Bandit RL,100,0.1016,5.1797,0.1016,0.5202,0.10244,0,0.0,0.9766,507.81,99,4.95,976.15,light,5
Proposed Hybrid,100,0.1016,5.1797,0.1016,0.5202,0.10244,0,0.0,0.9766,507.81,99,4.95,976.15,light,5
PRR,100,412.3651,424.9699,325.7879,0.996,0.07902,82,0.82,0.1457,1890.72,306,15.3,1265.55,normal,1
PRM,100,374.9751,387.5799,356.7453,0.996,0.07902,75,0.75,0.2239,1890.72,118,5.9,1265.55,normal,1
Contextual Bandit RL,100,525.7813,538.3861,230.745,0.996,0.07902,79,0.79,0.1599,1890.72,278,13.9,1265.55,normal,1
Proposed Hybrid,100,473.3586,485.9634,300.2547,0.996,0.07902,92,0.92,0.0853,1890.72,277,13.85,1265.55,normal,1
PRR,100,436.4711,449.6477,355.0408,0.9973,0.07569,78,0.78,0.1581,1976.49,325,16.25,1321.23,normal,2
PRM,100,413.3912,426.5678,393.5986,0.9973,0.07569,78,0.78,0.1765,1976.49,115,5.75,1321.23,normal,2
Contextual Bandit RL,100,525.8019,538.9785,256.9547,0.9973,0.07569,73,0.73,0.1894,1976.49,272,13.6,1321.23,normal,2
Proposed Hybrid,100,491.2186,504.3952,301.4858,0.9973,0.07569,85,0.85,0.1288,1976.49,299,14.95,1321.23,normal,2
PRR,100,429.0893,441.7381,348.9305,0.998,0.0789,80,0.8,0.1506,1897.32,310,15.5,1267.39,normal,3
PRM,100,393.8536,406.5024,379.4817,0.998,0.0789,77,0.77,0.1895,1897.32,124,6.2,1267.39,normal,3
Contextual Bandit RL,100,550.5829,563.2317,184.7918,0.998,0.0789,79,0.79,0.1805,1897.32,284,14.2,1267.39,normal,3
Proposed Hybrid,100,466.9959,479.6447,313.3032,0.998,0.0789,90,0.9,0.0862,1897.32,295,14.75,1267.39,normal,3
PRR,100,424.2335,437.6173,359.0386,0.9943,0.07429,82,0.82,0.1741,2007.57,322,16.1,1346.04,normal,4
PRM,100,419.9803,433.3641,403.1137,0.9943,0.07429,76,0.76,0.1599,2007.57,118,5.9,1346.04,normal,4
Contextual Bandit RL,100,492.9149,506.2987,235.542,0.9943,0.07429,71,0.71,0.1998,2007.57,284,14.2,1346.04,normal,4
Proposed Hybrid,100,463.9064,477.2902,289.8531,0.9943,0.07429,91,0.91,0.0651,2007.57,307,15.35,1346.04,normal,4
PRR,100,427.0033,439.6994,357.4864,0.9946,0.07834,83,0.83,0.1631,1904.415,311,15.55,1276.44,normal,5
PRM,100,402.1878,414.8839,390.8929,0.9946,0.07834,80,0.8,0.1937,1904.415,115,5.75,1276.44,normal,5
Contextual Bandit RL,100,591.9843,604.6804,207.2683,0.9946,0.07834,86,0.86,0.1298,1904.415,297,14.85,1276.44,normal,5
Proposed Hybrid,100,486.0466,498.7427,292.2048,0.9946,0.07834,93,0.93,0.093,1904.415,307,15.35,1276.44,normal,5
PRR,100,1959.124,1999.4038,1637.5964,0.9992,0.02481,100,1.0,0.3043,10069.95,1044,52.2,4031.03,cpu_heavy,1
PRM,100,1818.4381,1858.7179,1759.5206,0.9992,0.02481,95,0.95,0.0342,10069.95,105,5.25,4031.03,cpu_heavy,1
Contextual Bandit RL,100,3139.2849,3179.5647,805.1658,0.9992,0.02481,95,0.95,0.0409,10069.95,949,47.45,4031.03,cpu_heavy,1
Proposed Hybrid,100,2313.5067,2353.7865,1085.3888,0.9992,0.02481,98,0.98,0.0165,10069.95,964,48.2,4031.03,cpu_heavy,1
PRR,100,2046.2675,2088.071,1720.0381,0.9995,0.02391,98,0.98,0.0138,10450.875,1071,53.55,4182.4,cpu_heavy,2
PRM,100,1943.4016,1985.2051,1936.9261,0.9995,0.02391,96,0.96,0.0294,10450.875,103,5.15,4182.4,cpu_heavy,2
Contextual Bandit RL,100,3275.1322,3316.9357,835.7289,0.9995,0.02391,95,0.95,0.0448,10450.875,977,48.85,4182.4,cpu_heavy,2
Proposed Hybrid,100,2372.9343,2414.7378,1028.6238,0.9995,0.02391,95,0.95,0.0605,10450.875,988,49.4,4182.4,cpu_heavy,2
PRR,100,2016.0075,2056.4036,1675.5573,0.9997,0.02475,99,0.99,0.013,10099.025,1038,51.9,4040.95,cpu_heavy,3
PRM,100,1893.5294,1933.9255,1855.2501,0.9997,0.02475,95,0.95,0.0442,10099.025,147,7.35,4040.95,cpu_heavy,3
Contextual Bandit RL,100,3130.1173,3170.5134,654.4692,0.9997,0.02475,94,0.94,0.0627,10099.025,965,48.25,4040.95,cpu_heavy,3
Proposed Hybrid,100,2288.351,2328.7471,1124.9515,0.9997,0.02475,97,0.97,0.0564,10099.025,992,49.6,4040.95,cpu_heavy,3
PRR,100,2090.3374,2132.6946,1774.4429,0.9989,0.02358,98,0.98,0.0946,10589.3,1096,54.8,4240.49,cpu_heavy,4
PRM,100,1977.6059,2019.9631,1961.1085,0.9989,0.02358,95,0.95,0.0398,10589.3,105,5.25,4240.49,cpu_heavy,4
Contextual Bandit RL,100,3193.0172,3235.3744,767.58,0.9989,0.02358,94,0.94,0.0632,10589.3,1003,50.15,4240.49,cpu_heavy,4
Proposed Hybrid,100,2297.3692,2339.7264,1107.8604,0.9989,0.02358,97,0.97,0.0354,10589.3,1030,51.5,4240.49,cpu_heavy,4
PRR,100,1985.6691,2026.1914,1671.9537,0.999,0.02465,97,0.97,0.0167,10130.575,1036,51.8,4056.45,cpu_heavy,5
PRM,100,1888.0196,1928.5419,1869.4565,0.999,0.02465,98,0.98,0.0231,10130.575,118,5.9,4056.45,cpu_heavy,5
Contextual Bandit RL,100,3199.5258,3240.0481,763.816,0.999,0.02465,96,0.96,0.0453,10130.575,964,48.2,4056.45,cpu_heavy,5
Proposed Hybrid,100,2226.4318,2266.9541,1067.7495,0.999,0.02465,98,0.98,0.0827,10130.575,981,49.05,4056.45,cpu_heavy,5
PRR,100,1092.4635,1118.799,930.9553,0.9981,0.0379,92,0.92,0.0553,5267.1,648,32.4,2638.67,bursty,1
PRM,100,1023.5899,1049.9254,994.5123,0.9981,0.0379,87,0.87,0.096,5267.1,108,5.4,2638.67,bursty,1
Contextual Bandit RL,100,1424.6233,1450.9588,470.0552,0.9981,0.0379,87,0.87,0.0824,5267.1,590,29.5,2638.67,bursty,1
Proposed Hybrid,100,1359.8384,1386.1739,662.034,0.9981,0.0379,99,0.99,0.0535,5267.1,605,30.25,2638.67,bursty,1
PRR,100,1166.4494,1194.6135,987.5994,0.9991,0.03547,93,0.93,0.0598,5632.82,719,35.95,2819.03,bursty,2
PRM,100,1174.1246,1202.2887,1151.9582,0.9991,0.03547,88,0.88,0.0718,5632.82,108,5.4,2819.03,bursty,2
Contextual Bandit RL,100,1704.9676,1733.1317,512.8805,0.9991,0.03547,92,0.92,0.0574,5632.82,645,32.25,2819.03,bursty,2
Proposed Hybrid,100,1403.5941,1431.7582,686.9895,0.9991,0.03547,93,0.93,0.0928,5632.82,642,32.1,2819.03,bursty,2
PRR,100,1157.8137,1184.2891,974.8452,0.9997,0.03776,93,0.93,0.05,5295.08,665,33.25,2648.4,bursty,3
PRM,100,1115.8842,1142.3596,1083.2871,0.9997,0.03776,91,0.91,0.073,5295.08,137,6.85,2648.4,bursty,3
Contextual Bandit RL,100,1441.1483,1467.6237,479.0498,0.9997,0.03776,87,0.87,0.0824,5295.08,593,29.65,2648.4,bursty,3
Proposed Hybrid,100,1224.8998,1251.3752,714.571,0.9997,0.03776,92,0.92,0.0525,5295.08,611,30.55,2648.4,bursty,3
PRR,100,1227.081,1255.9097,1072.1602,0.9967,0.03457,91,0.91,0.094,5765.74,730,36.5,2892.3,bursty,4
PRM,100,1192.1842,1221.0129,1184.1792,0.9967,0.03457,87,0.87,0.0829,5765.74,109,5.45,2892.3,bursty,4
Contextual Bandit RL,100,1588.6982,1617.5269,485.2753,0.9967,0.03457,86,0.86,0.0829,5765.74,642,32.1,2892.3,bursty,4
Proposed Hybrid,100,1304.9108,1333.7395,743.8173,0.9967,0.03457,96,0.96,0.0282,5765.74,670,33.5,2892.3,bursty,4
PRR,100,1139.3512,1165.9781,966.927,0.997,0.03744,92,0.92,0.0833,5325.38,643,32.15,2670.74,bursty,5
PRM,100,1106.5914,1133.2183,1082.3648,0.997,0.03744,91,0.91,0.0758,5325.38,108,5.4,2670.74,bursty,5
Contextual Bandit RL,100,1390.2396,1416.8665,600.1881,0.997,0.03744,88,0.88,0.1317,5325.38,598,29.9,2670.74,bursty,5
Proposed Hybrid,100,1294.1884,1320.8153,694.0546,0.997,0.03744,98,0.98,0.0693,5325.38,625,31.25,2670.74,bursty,5
PRR,100,577.4394,595.0096,512.9106,0.9959,0.05668,87,0.87,0.1174,3162.636,413,20.65,1764.17,mixed,1
PRM,100,624.5501,642.1203,616.3937,0.9959,0.05668,79,0.79,0.171,3162.636,114,5.7,1764.17,mixed,1
Contextual Bandit RL,100,595.2631,612.8333,300.4767,0.9959,0.05668,73,0.73,0.2143,3162.636,335,16.75,1764.17,mixed,1
Proposed Hybrid,100,573.3614,590.9316,435.2903,0.9959,0.05668,89,0.89,0.0749,3162.636,341,17.05,1764.17,mixed,1
PRR,100,416.4715,431.2354,365.0988,0.9979,0.06759,77,0.77,0.2078,2657.502,341,17.05,1479.53,mixed,2
PRM,100,412.5017,427.2656,407.023,0.9979,0.06759,77,0.77,0.2081,2657.502,119,5.95,1479.53,mixed,2
Contextual Bandit RL,100,436.7273,451.4912,187.1411,0.9979,0.06759,69,0.69,0.3221,2657.502,310,15.5,1479.53,mixed,2
Proposed Hybrid,100,434.4216,449.1855,283.5455,0.9979,0.06759,91,0.91,0.0868,2657.502,334,16.7,1479.53,mixed,2
PRR,100,436.8166,452.7653,365.6491,0.9994,0.06266,78,0.78,0.1819,2870.766,354,17.7,1595.9,mixed,3
PRM,100,507.8576,523.8063,488.3024,0.9994,0.06266,76,0.76,0.1906,2870.766,114,5.7,1595.9,mixed,3
Contextual Bandit RL,100,655.4133,671.362,329.4101,0.9994,0.06266,82,0.82,0.1185,2870.766,345,17.25,1595.9,mixed,3
Proposed Hybrid,100,565.9152,581.8639,400.3429,0.9994,0.06266,88,0.88,0.0795,2870.766,346,17.3,1595.9,mixed,3
PRR,100,313.4132,327.1696,270.0634,0.9918,0.0721,71,0.71,0.2234,2476.152,290,14.5,1386.96,mixed,4
PRM,100,334.4726,348.229,319.0276,0.9918,0.0721,73,0.73,0.2538,2476.152,128,6.4,1386.96,mixed,4
Contextual Bandit RL,100,334.1772,347.9336,139.4225,0.9918,0.0721,69,0.69,0.2476,2476.152,261,13.05,1386.96,mixed,4
Proposed Hybrid,100,343.7794,357.5358,254.4468,0.9918,0.0721,86,0.86,0.1267,2476.152,268,13.4,1386.96,mixed,4
PRR,100,350.8276,365.4125,306.1251,0.9934,0.06811,73,0.73,0.2688,2625.282,310,15.5,1468.15,mixed,5
PRM,100,398.5842,413.1691,388.4537,0.9934,0.06811,71,0.71,0.28,2625.282,120,6.0,1468.15,mixed,5
Contextual Bandit RL,100,490.2334,504.8183,217.2634,0.9934,0.06811,80,0.8,0.2015,2625.282,294,14.7,1468.15,mixed,5
Proposed Hybrid,100,433.5312,448.1161,289.3574,0.9934,0.06811,92,0.92,0.0963,2625.282,323,16.15,1468.15,mixed,5
